time,height,wind_speed,wind_direction,temperature,virtual_temperature,tke,sst,surface_heat_flux,invMOL,ustar,time,height,u,v,is_stable,stable_duration
2020-02-13 09:20:00+00:00,10,7.38,192.54,282.91998,282.91998,0.209,280.08,-23.338238,0.022278512,0.2326,2020-02-13 09:20:00+00:00,10,-1.6023524,-7.203948,0,0
2020-02-13 09:20:00+00:00,20,10.99,196.48,283.72,283.72,0.282,280.08,-23.338238,0.022278512,0.2326,2020-02-13 09:20:00+00:00,20,-3.1176493,-10.538518,0,0
2020-02-13 09:20:00+00:00,40,12.22,198.29,284.21,284.21,0.243,280.08,-23.338238,0.022278512,0.2326,2020-02-13 09:20:00+00:00,40,-3.8349617,-11.60265,0,0
2020-02-13 09:20:00+00:00,60,13.74,202.17,284.65,284.65,0.259,280.08,-23.338238,0.022278512,0.2326,2020-02-13 09:20:00+00:00,60,-5.1848693,-12.724179,0,0
2020-02-13 09:20:00+00:00,80,14.69,204.88,284.94,284.94,0.273,280.08,-23.338238,0.022278512,0.2326,2020-02-13 09:20:00+00:00,80,-6.1803665,-13.326633,0,0
2020-02-13 09:20:00+00:00,100,15.56,207.34,285.16998,285.16998,0.284,280.08,-23.338238,0.022278512,0.2326,2020-02-13 09:20:00+00:00,100,-7.1462374,-13.821899,0,0
2020-02-13 09:20:00+00:00,120,16.18,209.19,285.35,285.35,0.298,280.08,-23.338238,0.022278512,0.2326,2020-02-13 09:20:00+00:00,120,-7.8911057,-14.125257,0,0
2020-02-13 09:20:00+00:00,140,16.88,211.25,285.54,285.54,0.328,280.08,-23.338238,0.022278512,0.2326,2020-02-13 09:20:00+00:00,140,-8.75689,-14.430914,0,0
2020-02-13 09:20:00+00:00,160,17.55,213.34,285.72998,285.72998,0.351,280.08,-23.338238,0.022278512,0.2326,2020-02-13 09:20:00+00:00,160,-9.645585,-14.661691,0,0
2020-02-13 09:20:00+00:00,180,18.27,215.51,285.93,285.93,0.371,280.08,-23.338238,0.022278512,0.2326,2020-02-13 09:20:00+00:00,180,-10.612038,-14.87204,0,0
2020-02-13 09:20:00+00:00,200,19.05,217.72,286.13,286.13,0.386,280.08,-23.338238,0.022278512,0.2326,2020-02-13 09:20:00+00:00,200,-11.654849,-15.068742,0,0
2020-02-13 09:20:00+00:00,220,19.77,219.76,286.3,286.3,0.378,280.08,-23.338238,0.022278512,0.2326,2020-02-13 09:20:00+00:00,220,-12.644361,-15.197797,0,0
2020-02-13 09:20:00+00:00,240,20.5,221.64,286.44998,286.44998,0.362,280.08,-23.338238,0.022278512,0.2326,2020-02-13 09:20:00+00:00,240,-13.621184,-15.320356,0,0
2020-02-13 09:20:00+00:00,260,21.05,223.0,286.57,286.57,0.344,280.08,-23.338238,0.022278512,0.2326,2020-02-13 09:20:00+00:00,260,-14.356063,-15.394996,0,0
2020-02-13 09:20:00+00:00,280,21.56,224.19,286.68,286.68,0.326,280.08,-23.338238,0.022278512,0.2326,2020-02-13 09:20:00+00:00,280,-15.028182,-15.459215,0,0
2020-02-13 09:20:00+00:00,300,22.14,225.46,286.81,286.81,0.303,280.08,-23.338238,0.022278512,0.2326,2020-02-13 09:20:00+00:00,300,-15.780529,-15.529148,0,0
2020-02-13 09:20:00+00:00,400,24.6,229.65,287.53,287.53,0.157,280.08,-23.338238,0.022278512,0.2326,2020-02-13 09:20:00+00:00,400,-18.74775,-15.927394,0,0
2020-02-13 09:20:00+00:00,500,25.67,231.07,287.28,287.28,0.083,280.08,-23.338238,0.022278512,0.2326,2020-02-13 09:20:00+00:00,500,-19.969059,-16.13027,0,0
2020-02-13 09:25:00+00:00,10,7.73,197.04,283.00998,283.00998,0.235,280.08,-25.690987,0.020447401,0.2469,2020-02-13 09:25:00+00:00,10,-2.2651918,-7.3906565,0,0
2020-02-13 09:25:00+00:00,20,11.4,200.41,283.77,283.77,0.312,280.08,-25.690987,0.020447401,0.2469,2020-02-13 09:25:00+00:00,20,-3.9755867,-10.68432,0,0
2020-02-13 09:25:00+00:00,40,12.6,201.93,284.27,284.27,0.26,280.08,-25.690987,0.020447401,0.2469,2020-02-13 09:25:00+00:00,40,-4.7057652,-11.688275,0,0
2020-02-13 09:25:00+00:00,60,14.16,205.51,284.69998,284.69998,0.263,280.08,-25.690987,0.020447401,0.2469,2020-02-13 09:25:00+00:00,60,-6.0982666,-12.779544,0,0
2020-02-13 09:25:00+00:00,80,15.14,208.11,285.0,285.0,0.272,280.08,-25.690987,0.020447401,0.2469,2020-02-13 09:25:00+00:00,80,-7.133452,-13.354156,0,0
2020-02-13 09:25:00+00:00,100,16.06,210.63,285.25998,285.25998,0.284,280.08,-25.690987,0.020447401,0.2469,2020-02-13 09:25:00+00:00,100,-8.182442,-13.819234,0,0
2020-02-13 09:25:00+00:00,120,16.79,212.73,285.49,285.49,0.298,280.08,-25.690987,0.020447401,0.2469,2020-02-13 09:25:00+00:00,120,-9.078032,-14.124216,0,0
2020-02-13 09:25:00+00:00,140,17.65,215.16,285.72,285.72,0.325,280.08,-25.690987,0.020447401,0.2469,2020-02-13 09:25:00+00:00,140,-10.163959,-14.429707,0,0
2020-02-13 09:25:00+00:00,160,18.33,217.06,285.91,285.91,0.343,280.08,-25.690987,0.020447401,0.2469,2020-02-13 09:25:00+00:00,160,-11.046592,-14.62743,0,0
2020-02-13 09:25:00+00:00,180,19.02,218.92,286.08,286.08,0.356,280.08,-25.690987,0.020447401,0.2469,2020-02-13 09:25:00+00:00,180,-11.949021,-14.798016,0,0
2020-02-13 09:25:00+00:00,200,19.73,220.73,286.22998,286.22998,0.365,280.08,-25.690987,0.020447401,0.2469,2020-02-13 09:25:00+00:00,200,-12.873729,-14.951253,0,0
2020-02-13 09:25:00+00:00,220,20.39,222.33,286.34,286.34,0.357,280.08,-25.690987,0.020447401,0.2469,2020-02-13 09:25:00+00:00,220,-13.73062,-15.07389,0,0
2020-02-13 09:25:00+00:00,240,21.04,223.8,286.44,286.44,0.343,280.08,-25.690987,0.020447401,0.2469,2020-02-13 09:25:00+00:00,240,-14.562693,-15.185836,0,0
2020-02-13 09:25:00+00:00,260,21.62,225.06,286.52,286.52,0.322,280.08,-25.690987,0.020447401,0.2469,2020-02-13 09:25:00+00:00,260,-15.303648,-15.271633,0,0
2020-02-13 09:25:00+00:00,280,22.19,226.23,286.6,286.6,0.299,280.08,-25.690987,0.020447401,0.2469,2020-02-13 09:25:00+00:00,280,-16.023897,-15.350272,0,0
2020-02-13 09:25:00+00:00,300,22.76,227.29,286.69998,286.69998,0.271,280.08,-25.690987,0.020447401,0.2469,2020-02-13 09:25:00+00:00,300,-16.72396,-15.437835,0,0
2020-02-13 09:25:00+00:00,400,25.06,230.62,287.31,287.31,0.122,280.08,-25.690987,0.020447401,0.2469,2020-02-13 09:25:00+00:00,400,-19.370253,-15.899586,0,0
2020-02-13 09:25:00+00:00,500,26.15,231.98,287.11,287.11,0.067,280.08,-25.690987,0.020447401,0.2469,2020-02-13 09:25:00+00:00,500,-20.600859,-16.106739,0,0
2020-02-13 09:30:00+00:00,10,7.96,200.3,283.07,283.07,0.254,280.08,-27.29139,0.019531846,0.2564,2020-02-13 09:30:00+00:00,10,-2.7616074,-7.465596,0,0
2020-02-13 09:30:00+00:00,20,11.73,203.54,283.84,283.84,0.336,280.08,-27.29139,0.019531846,0.2564,2020-02-13 09:30:00+00:00,20,-4.684834,-10.753847,0,0
2020-02-13 09:30:00+00:00,40,12.93,204.94,284.34,284.34,0.274,280.08,-27.29139,0.019531846,0.2564,2020-02-13 09:30:00+00:00,40,-5.4521804,-11.724276,0,0
2020-02-13 09:30:00+00:00,60,14.52,208.31,284.79,284.79,0.271,280.08,-27.29139,0.019531846,0.2564,2020-02-13 09:30:00+00:00,60,-6.88599,-12.783331,0,0
2020-02-13 09:30:00+00:00,80,15.56,210.88,285.11,285.11,0.278,280.08,-27.29139,0.019531846,0.2564,2020-02-13 09:30:00+00:00,80,-7.986041,-13.354279,0,0
2020-02-13 09:30:00+00:00,100,16.5,213.25,285.38998,285.38998,0.29,280.08,-27.29139,0.019531846,0.2564,2020-02-13 09:30:00+00:00,100,-9.046837,-13.798723,0,0
2020-02-13 09:30:00+00:00,120,17.22,215.21,285.61,285.61,0.309,280.08,-27.29139,0.019531846,0.2564,2020-02-13 09:30:00+00:00,120,-9.928618,-14.069503,0,0
2020-02-13 09:30:00+00:00,140,18.15,217.64,285.82,285.82,0.341,280.08,-27.29139,0.019531846,0.2564,2020-02-13 09:30:00+00:00,140,-11.084171,-14.372322,0,0
2020-02-13 09:30:00+00:00,160,18.97,219.82,285.97998,285.97998,0.329,280.08,-27.29139,0.019531846,0.2564,2020-02-13 09:30:00+00:00,160,-12.147969,-14.570097,0,0
2020-02-13 09:30:00+00:00,180,19.64,221.49,286.13998,286.13998,0.32,280.08,-27.29139,0.019531846,0.2564,2020-02-13 09:30:00+00:00,180,-13.011291,-14.711761,0,0
2020-02-13 09:30:00+00:00,200,20.15,222.72,286.28,286.28,0.313,280.08,-27.29139,0.019531846,0.2564,2020-02-13 09:30:00+00:00,200,-13.670084,-14.803759,0,0
2020-02-13 09:30:00+00:00,220,20.79,224.24,286.41,286.41,0.309,280.08,-27.29139,0.019531846,0.2564,2020-02-13 09:30:00+00:00,220,-14.504464,-14.894449,0,0
2020-02-13 09:30:00+00:00,240,21.48,225.78,286.52,286.52,0.306,280.08,-27.29139,0.019531846,0.2564,2020-02-13 09:30:00+00:00,240,-15.3940115,-14.98048,0,0
2020-02-13 09:30:00+00:00,260,22.07,227.01,286.61,286.61,0.285,280.08,-27.29139,0.019531846,0.2564,2020-02-13 09:30:00+00:00,260,-16.143602,-15.048887,0,0
2020-02-13 09:30:00+00:00,280,22.65,228.13,286.69,286.69,0.259,280.08,-27.29139,0.019531846,0.2564,2020-02-13 09:30:00+00:00,280,-16.866573,-15.117579,0,0
2020-02-13 09:30:00+00:00,300,23.19,229.03,286.79,286.79,0.231,280.08,-27.29139,0.019531846,0.2564,2020-02-13 09:30:00+00:00,300,-17.50968,-15.2048435,0,0
2020-02-13 09:30:00+00:00,400,25.56,231.96,287.34,287.34,0.101,280.08,-27.29139,0.019531846,0.2564,2020-02-13 09:30:00+00:00,400,-20.130564,-15.750365,0,0
2020-02-13 09:30:00+00:00,500,26.43,233.16,286.97998,286.97998,0.058,280.08,-27.29139,0.019531846,0.2564,2020-02-13 09:30:00+00:00,500,-21.152275,-15.846962,0,0
2020-02-13 09:35:00+00:00,10,8.17,203.2,283.12,283.12,0.273,280.08,-28.70092,0.01861629,0.2652,2020-02-13 09:35:00+00:00,10,-3.2185054,-7.5093355,0,0
2020-02-13 09:35:00+00:00,20,12.05,206.38,283.88998,283.88998,0.361,280.08,-28.70092,0.01861629,0.2652,2020-02-13 09:35:00+00:00,20,-5.354086,-10.795197,0,0
2020-02-13 09:35:00+00:00,40,13.26,207.7,284.4,284.4,0.291,280.08,-28.70092,0.01861629,0.2652,2020-02-13 09:35:00+00:00,40,-6.163806,-11.740319,0,0
2020-02-13 09:35:00+00:00,60,14.88,210.95,284.87,284.87,0.281,280.08,-28.70092,0.01861629,0.2652,2020-02-13 09:35:00+00:00,60,-7.652632,-12.761333,0,0
2020-02-13 09:35:00+00:00,80,15.98,213.61,285.22998,285.22998,0.286,280.08,-28.70092,0.01861629,0.2652,2020-02-13 09:35:00+00:00,80,-8.845519,-13.3085375,0,0
2020-02-13 09:35:00+00:00,100,17.03,216.21,285.55,285.55,0.296,280.08,-28.70092,0.01861629,0.2652,2020-02-13 09:35:00+00:00,100,-10.060414,-13.740778,0,0
2020-02-13 09:35:00+00:00,120,17.86,218.37,285.8,285.8,0.31,280.08,-28.70092,0.01861629,0.2652,2020-02-13 09:35:00+00:00,120,-11.086369,-14.002572,0,0
2020-02-13 09:35:00+00:00,140,18.81,220.74,286.02,286.02,0.331,280.08,-28.70092,0.01861629,0.2652,2020-02-13 09:35:00+00:00,140,-12.275925,-14.251939,0,0
2020-02-13 09:35:00+00:00,160,19.61,222.7,286.18,286.18,0.311,280.08,-28.70092,0.01861629,0.2652,2020-02-13 09:35:00+00:00,160,-13.298711,-14.411677,0,0
2020-02-13 09:35:00+00:00,180,20.25,224.17,286.32,286.32,0.296,280.08,-28.70092,0.01861629,0.2652,2020-02-13 09:35:00+00:00,180,-14.109987,-14.524833,0,0
2020-02-13 09:35:00+00:00,200,20.73,225.22,286.44,286.44,0.286,280.08,-28.70092,0.01861629,0.2652,2020-02-13 09:35:00+00:00,200,-14.714498,-14.601933,0,0
2020-02-13 09:35:00+00:00,220,21.33,226.51,286.50998,286.50998,0.28,280.08,-28.70092,0.01861629,0.2652,2020-02-13 09:35:00+00:00,220,-15.474793,-14.679906,0,0
2020-02-13 09:35:00+00:00,240,21.98,227.81,286.56,286.56,0.274,280.08,-28.70092,0.01861629,0.2652,2020-02-13 09:35:00+00:00,240,-16.285458,-14.761579,0,0
2020-02-13 09:35:00+00:00,260,22.57,228.87,286.63,286.63,0.251,280.08,-28.70092,0.01861629,0.2652,2020-02-13 09:35:00+00:00,260,-17.000153,-14.845864,0,0
2020-02-13 09:35:00+00:00,280,23.14,229.81,286.71,286.71,0.222,280.08,-28.70092,0.01861629,0.2652,2020-02-13 09:35:00+00:00,280,-17.676844,-14.932808,0,0
2020-02-13 09:35:00+00:00,300,23.66,230.56,286.81,286.81,0.196,280.08,-28.70092,0.01861629,0.2652,2020-02-13 09:35:00+00:00,300,-18.272388,-15.030484,0,0
2020-02-13 09:35:00+00:00,400,26.1,232.99,287.21,287.21,0.084,280.08,-28.70092,0.01861629,0.2652,2020-02-13 09:35:00+00:00,400,-20.841644,-15.711013,0,0
2020-02-13 09:35:00+00:00,500,26.69,233.64,286.81,286.81,0.05,280.08,-28.70092,0.01861629,0.2652,2020-02-13 09:35:00+00:00,500,-21.493671,-15.823346,0,0
2020-02-13 09:40:00+00:00,10,8.43,205.93,283.16998,283.16998,0.3,280.08,-30.366955,0.01739555,0.2762,2020-02-13 09:40:00+00:00,10,-3.6862073,-7.581344,0,0
2020-02-13 09:40:00+00:00,20,12.45,209.12,283.94998,283.94998,0.399,280.08,-30.366955,0.01739555,0.2762,2020-02-13 09:40:00+00:00,20,-6.0586715,-10.87635,0,0
2020-02-13 09:40:00+00:00,40,13.68,210.37,284.46,284.46,0.325,280.08,-30.366955,0.01739555,0.2762,2020-02-13 09:40:00+00:00,40,-6.916361,-11.802812,0,0
2020-02-13 09:40:00+00:00,60,15.37,213.54,284.96,284.96,0.313,280.08,-30.366955,0.01739555,0.2762,2020-02-13 09:40:00+00:00,60,-8.492214,-12.810901,0,0
2020-02-13 09:40:00+00:00,80,16.51,216.03,285.35,285.35,0.316,280.08,-30.366955,0.01739555,0.2762,2020-02-13 09:40:00+00:00,80,-9.711325,-13.351789,0,0
2020-02-13 09:40:00+00:00,100,17.66,218.63,285.65,285.65,0.319,280.08,-30.366955,0.01739555,0.2762,2020-02-13 09:40:00+00:00,100,-11.024938,-13.795881,0,0
2020-02-13 09:40:00+00:00,120,18.57,220.76,285.87,285.87,0.311,280.08,-30.366955,0.01739555,0.2762,2020-02-13 09:40:00+00:00,120,-12.124201,-14.065868,0,0
2020-02-13 09:40:00+00:00,140,19.37,222.59,286.03,286.03,0.302,280.08,-30.366955,0.01739555,0.2762,2020-02-13 09:40:00+00:00,140,-13.108596,-14.260492,0,0
2020-02-13 09:40:00+00:00,160,20.11,224.35,286.13998,286.13998,0.276,280.08,-30.366955,0.01739555,0.2762,2020-02-13 09:40:00+00:00,160,-14.057688,-14.380319,0,0
2020-02-13 09:40:00+00:00,180,20.7,225.66,286.22998,286.22998,0.257,280.08,-30.366955,0.01739555,0.2762,2020-02-13 09:40:00+00:00,180,-14.804742,-14.467538,0,0
2020-02-13 09:40:00+00:00,200,21.12,226.57,286.32,286.32,0.244,280.08,-30.366955,0.01739555,0.2762,2020-02-13 09:40:00+00:00,200,-15.33766,-14.519319,0,0
2020-02-13 09:40:00+00:00,220,21.67,227.74,286.38,286.38,0.237,280.08,-30.366955,0.01739555,0.2762,2020-02-13 09:40:00+00:00,220,-16.037985,-14.572987,0,0
2020-02-13 09:40:00+00:00,240,22.29,228.95,286.44,286.44,0.232,280.08,-30.366955,0.01739555,0.2762,2020-02-13 09:40:00+00:00,240,-16.809706,-14.638234,0,0
2020-02-13 09:40:00+00:00,260,22.88,229.94,286.53,286.53,0.212,280.08,-30.366955,0.01739555,0.2762,2020-02-13 09:40:00+00:00,260,-17.511688,-14.725323,0,0
2020-02-13 09:40:00+00:00,280,23.46,230.84,286.62,286.62,0.189,280.08,-30.366955,0.01739555,0.2762,2020-02-13 09:40:00+00:00,280,-18.19054,-14.814715,0,0
2020-02-13 09:40:00+00:00,300,24.0,231.53,286.72,286.72,0.167,280.08,-30.366955,0.01739555,0.2762,2020-02-13 09:40:00+00:00,300,-18.790415,-14.930515,0,0
2020-02-13 09:40:00+00:00,400,26.52,233.8,287.13,287.13,0.069,280.08,-30.366955,0.01739555,0.2762,2020-02-13 09:40:00+00:00,400,-21.400587,-15.662865,0,0
2020-02-13 09:40:00+00:00,500,26.83,234.61,286.59,286.59,0.044,280.08,-30.366955,0.01739555,0.2762,2020-02-13 09:40:00+00:00,500,-21.872593,-15.538296,0,0
2020-02-13 09:45:00+00:00,10,8.69,208.59,283.24,283.24,0.328,280.08,-32.226097,0.016479995,0.2871,2020-02-13 09:45:00+00:00,10,-4.158499,-7.6303983,0,0
2020-02-13 09:45:00+00:00,20,12.86,211.74,284.00998,284.00998,0.442,280.08,-32.226097,0.016479995,0.2871,2020-02-13 09:45:00+00:00,20,-6.7652025,-10.936709,0,0
2020-02-13 09:45:00+00:00,40,14.11,212.89,284.5,284.5,0.36,280.08,-32.226097,0.016479995,0.2871,2020-02-13 09:45:00+00:00,40,-7.662124,-11.848373,0,0
2020-02-13 09:45:00+00:00,60,15.81,215.8,285.00998,285.00998,0.333,280.08,-32.226097,0.016479995,0.2871,2020-02-13 09:45:00+00:00,60,-9.248181,-12.82292,0,0
2020-02-13 09:45:00+00:00,80,16.94,218.1,285.37,285.37,0.321,280.08,-32.226097,0.016479995,0.2871,2020-02-13 09:45:00+00:00,80,-10.452588,-13.33068,0,0
2020-02-13 09:45:00+00:00,100,18.06,220.55,285.63998,285.63998,0.307,280.08,-32.226097,0.016479995,0.2871,2020-02-13 09:45:00+00:00,100,-11.741013,-13.72269,0,0
2020-02-13 09:45:00+00:00,120,18.89,222.42,285.83,285.83,0.284,280.08,-32.226097,0.016479995,0.2871,2020-02-13 09:45:00+00:00,120,-12.74244,-13.944974,0,0
2020-02-13 09:45:00+00:00,140,19.47,223.81,285.97,285.97,0.269,280.08,-32.226097,0.016479995,0.2871,2020-02-13 09:45:00+00:00,140,-13.478478,-14.05032,0,0
2020-02-13 09:45:00+00:00,160,20.2,225.62,286.06,286.06,0.254,280.08,-32.226097,0.016479995,0.2871,2020-02-13 09:45:00+00:00,160,-14.437281,-14.128161,0,0
2020-02-13 09:45:00+00:00,180,20.82,227.06,286.15,286.15,0.237,280.08,-32.226097,0.016479995,0.2871,2020-02-13 09:45:00+00:00,180,-15.241643,-14.183254,0,0
2020-02-13 09:45:00+00:00,200,21.32,228.18,286.22,286.22,0.218,280.08,-32.226097,0.016479995,0.2871,2020-02-13 09:45:00+00:00,200,-15.888586,-14.21602,0,0
2020-02-13 09:45:00+00:00,220,21.88,229.29,286.32,286.32,0.206,280.08,-32.226097,0.016479995,0.2871,2020-02-13 09:45:00+00:00,220,-16.585487,-14.270808,0,0
2020-02-13 09:45:00+00:00,240,22.45,230.35,286.43,286.43,0.196,280.08,-32.226097,0.016479995,0.2871,2020-02-13 09:45:00+00:00,240,-17.285532,-14.325255,0,0
2020-02-13 09:45:00+00:00,260,23.12,231.34,286.57,286.57,0.181,280.08,-32.226097,0.016479995,0.2871,2020-02-13 09:45:00+00:00,260,-18.053635,-14.443016,0,0
2020-02-13 09:45:00+00:00,280,23.82,232.27,286.72,286.72,0.164,280.08,-32.226097,0.016479995,0.2871,2020-02-13 09:45:00+00:00,280,-18.839317,-14.576438,0,0
2020-02-13 09:45:00+00:00,300,24.46,232.97,286.86,286.86,0.145,280.08,-32.226097,0.016479995,0.2871,2020-02-13 09:45:00+00:00,300,-19.526913,-14.730624,0,0
2020-02-13 09:45:00+00:00,400,26.56,234.75,287.12,287.12,0.06,280.08,-32.226097,0.016479995,0.2871,2020-02-13 09:45:00+00:00,400,-21.689999,-15.328979,0,0
2020-02-13 09:45:00+00:00,500,27.01,235.94,286.34,286.34,0.053,280.08,-32.226097,0.016479995,0.2871,2020-02-13 09:45:00+00:00,500,-22.376476,-15.127239,0,0
2020-02-13 09:50:00+00:00,10,9.07,211.37,283.3,283.3,0.367,280.08,-34.66866,0.01495407,0.3029,2020-02-13 09:50:00+00:00,10,-4.7215023,-7.744179,0,0
2020-02-13 09:50:00+00:00,20,13.36,214.35,284.08,284.08,0.492,280.08,-34.66866,0.01495407,0.3029,2020-02-13 09:50:00+00:00,20,-7.5383377,-11.030097,0,0
2020-02-13 09:50:00+00:00,40,14.6,215.34,284.50998,284.50998,0.391,280.08,-34.66866,0.01495407,0.3029,2020-02-13 09:50:00+00:00,40,-8.445036,-11.909718,0,0
2020-02-13 09:50:00+00:00,60,16.21,217.83,284.97,284.97,0.338,280.08,-34.66866,0.01495407,0.3029,2020-02-13 09:50:00+00:00,60,-9.941929,-12.803207,0,0
2020-02-13 09:50:00+00:00,80,17.32,219.94,285.31,285.31,0.312,280.08,-34.66866,0.01495407,0.3029,2020-02-13 09:50:00+00:00,80,-11.119181,-13.279542,0,0
2020-02-13 09:50:00+00:00,100,18.42,222.24,285.56,285.56,0.286,280.08,-34.66866,0.01495407,0.3029,2020-02-13 09:50:00+00:00,100,-12.382616,-13.63698,0,0
2020-02-13 09:50:00+00:00,120,19.23,224.01,285.74,285.74,0.255,280.08,-34.66866,0.01495407,0.3029,2020-02-13 09:50:00+00:00,120,-13.360691,-13.830575,0,0
2020-02-13 09:50:00+00:00,140,19.76,225.24,285.86,285.86,0.239,280.08,-34.66866,0.01495407,0.3029,2020-02-13 09:50:00+00:00,140,-14.030838,-13.913778,0,0
2020-02-13 09:50:00+00:00,160,20.47,227.0,285.94,285.94,0.227,280.08,-34.66866,0.01495407,0.3029,2020-02-13 09:50:00+00:00,160,-14.97081,-13.960506,0,0
2020-02-13 09:50:00+00:00,180,21.06,228.33,286.03,286.03,0.213,280.08,-34.66866,0.01495407,0.3029,2020-02-13 09:50:00+00:00,180,-15.731533,-14.001516,0,0
2020-02-13 09:50:00+00:00,200,21.5,229.29,286.11,286.11,0.196,280.08,-34.66866,0.01495407,0.3029,2020-02-13 09:50:00+00:00,200,-16.29744,-14.022961,0,0
2020-02-13 09:50:00+00:00,220,22.09,230.41,286.22998,286.22998,0.184,280.08,-34.66866,0.01495407,0.3029,2020-02-13 09:50:00+00:00,220,-17.023098,-14.077722,0,0
2020-02-13 09:50:00+00:00,240,22.73,231.52,286.36,286.36,0.174,280.08,-34.66866,0.01495407,0.3029,2020-02-13 09:50:00+00:00,240,-17.793621,-14.143548,0,0
2020-02-13 09:50:00+00:00,260,23.36,232.36,286.50998,286.50998,0.16,280.08,-34.66866,0.01495407,0.3029,2020-02-13 09:50:00+00:00,260,-18.497932,-14.265908,0,0
2020-02-13 09:50:00+00:00,280,23.99,233.09,286.66,286.66,0.145,280.08,-34.66866,0.01495407,0.3029,2020-02-13 09:50:00+00:00,280,-19.181917,-14.407434,0,0
2020-02-13 09:50:00+00:00,300,24.62,233.68,286.78,286.78,0.127,280.08,-34.66866,0.01495407,0.3029,2020-02-13 09:50:00+00:00,300,-19.83686,-14.582297,0,0
2020-02-13 09:50:00+00:00,400,26.73,235.03,286.93,286.93,0.055,280.08,-34.66866,0.01495407,0.3029,2020-02-13 09:50:00+00:00,400,-21.90396,-15.320229,0,0
2020-02-13 09:50:00+00:00,500,27.45,235.8,286.22998,286.22998,0.055,280.08,-34.66866,0.01495407,0.3029,2020-02-13 09:50:00+00:00,500,-22.703367,-15.429184,0,0
2020-02-13 09:55:00+00:00,10,9.49,214.42,283.34,283.34,0.412,280.08,-37.2566,0.013428144,0.3215,2020-02-13 09:55:00+00:00,10,-5.364269,-7.828456,0,0
2020-02-13 09:55:00+00:00,20,13.81,217.04,284.09,284.09,0.545,280.08,-37.2566,0.013428144,0.3215,2020-02-13 09:55:00+00:00,20,-8.318763,-11.023353,0,0
2020-02-13 09:55:00+00:00,40,15.04,217.9,284.47998,284.47998,0.426,280.08,-37.2566,0.013428144,0.3215,2020-02-13 09:55:00+00:00,40,-9.238846,-11.867827,0,0
2020-02-13 09:55:00+00:00,60,16.57,220.02,284.88,284.88,0.357,280.08,-37.2566,0.013428144,0.3215,2020-02-13 09:55:00+00:00,60,-10.655419,-12.689638,0,0
2020-02-13 09:55:00+00:00,80,17.68,221.99,285.19998,285.19998,0.322,280.08,-37.2566,0.013428144,0.3215,2020-02-13 09:55:00+00:00,80,-11.827935,-13.140866,0,0
2020-02-13 09:55:00+00:00,100,18.79,224.18,285.44,285.44,0.287,280.08,-37.2566,0.013428144,0.3215,2020-02-13 09:55:00+00:00,100,-13.095027,-13.475325,0,0
2020-02-13 09:55:00+00:00,120,19.61,225.89,285.62,285.62,0.248,280.08,-37.2566,0.013428144,0.3215,2020-02-13 09:55:00+00:00,120,-14.080074,-13.649309,0,0
2020-02-13 09:55:00+00:00,140,20.15,227.09,285.75,285.75,0.225,280.08,-37.2566,0.013428144,0.3215,2020-02-13 09:55:00+00:00,140,-14.758343,-13.719104,0,0
2020-02-13 09:55:00+00:00,160,20.86,228.76,285.83,285.83,0.207,280.08,-37.2566,0.013428144,0.3215,2020-02-13 09:55:00+00:00,160,-15.685776,-13.75122,0,0
2020-02-13 09:55:00+00:00,180,21.46,230.03,285.91998,285.91998,0.189,280.08,-37.2566,0.013428144,0.3215,2020-02-13 09:55:00+00:00,180,-16.446535,-13.78561,0,0
2020-02-13 09:55:00+00:00,200,21.94,230.97,286.00998,286.00998,0.17,280.08,-37.2566,0.013428144,0.3215,2020-02-13 09:55:00+00:00,200,-17.043352,-13.816215,0,0
2020-02-13 09:55:00+00:00,220,22.47,231.85,286.12,286.12,0.159,280.08,-37.2566,0.013428144,0.3215,2020-02-13 09:55:00+00:00,220,-17.670324,-13.880219,0,0
2020-02-13 09:55:00+00:00,240,23.02,232.69,286.22998,286.22998,0.151,280.08,-37.2566,0.013428144,0.3215,2020-02-13 09:55:00+00:00,240,-18.309366,-13.953046,0,0
2020-02-13 09:55:00+00:00,260,23.67,233.43,286.35,286.35,0.139,280.08,-37.2566,0.013428144,0.3215,2020-02-13 09:55:00+00:00,260,-19.010075,-14.1026945,0,0
2020-02-13 09:55:00+00:00,280,24.35,234.11,286.46,286.46,0.127,280.08,-37.2566,0.013428144,0.3215,2020-02-13 09:55:00+00:00,280,-19.727007,-14.274722,0,0
2020-02-13 09:55:00+00:00,300,24.96,234.58,286.55,286.55,0.112,280.08,-37.2566,0.013428144,0.3215,2020-02-13 09:55:00+00:00,300,-20.340542,-14.465957,0,0
2020-02-13 09:55:00+00:00,400,27.09,235.48,286.69,286.69,0.049,280.08,-37.2566,0.013428144,0.3215,2020-02-13 09:55:00+00:00,400,-22.320223,-15.351735,0,0
2020-02-13 09:55:00+00:00,500,27.85,236.23,286.12,286.12,0.051,280.08,-37.2566,0.013428144,0.3215,2020-02-13 09:55:00+00:00,500,-23.151024,-15.480719,0,0
2020-02-13 10:00:00+00:00,10,9.9,216.84,283.34,283.34,0.456,280.08,-39.562607,0.012207404,0.3395,2020-02-13 10:00:00+00:00,10,-5.9358654,-7.923099,0,0
2020-02-13 10:00:00+00:00,20,14.22,219.12,284.05,284.05,0.595,280.08,-39.562607,0.012207404,0.3395,2020-02-13 10:00:00+00:00,20,-8.97206,-11.032249,0,0
2020-02-13 10:00:00+00:00,40,15.46,219.88,284.4,284.4,0.463,280.08,-39.562607,0.012207404,0.3395,2020-02-13 10:00:00+00:00,40,-9.912671,-11.863834,0,0
2020-02-13 10:00:00+00:00,60,16.9,221.66,284.75,284.75,0.383,280.08,-39.562607,0.012207404,0.3395,2020-02-13 10:00:00+00:00,60,-11.2335825,-12.62603,0,0
2020-02-13 10:00:00+00:00,80,18.04,223.47,285.04,285.04,0.338,280.08,-39.562607,0.012207404,0.3395,2020-02-13 10:00:00+00:00,80,-12.411062,-13.092256,0,0
2020-02-13 10:00:00+00:00,100,19.14,225.47,285.28,285.28,0.294,280.08,-39.562607,0.012207404,0.3395,2020-02-13 10:00:00+00:00,100,-13.644586,-13.42255,0,0
2020-02-13 10:00:00+00:00,120,19.96,227.08,285.46,285.46,0.251,280.08,-39.562607,0.012207404,0.3395,2020-02-13 10:00:00+00:00,120,-14.616811,-13.592293,0,0
2020-02-13 10:00:00+00:00,140,20.48,228.15,285.59,285.59,0.226,280.08,-39.562607,0.012207404,0.3395,2020-02-13 10:00:00+00:00,140,-15.255429,-13.663903,0,0
2020-02-13 10:00:00+00:00,160,21.17,229.67,285.66998,285.66998,0.212,280.08,-39.562607,0.012207404,0.3395,2020-02-13 10:00:00+00:00,160,-16.138517,-13.700992,0,0
2020-02-13 10:00:00+00:00,180,21.8,230.94,285.75,285.75,0.193,280.08,-39.562607,0.012207404,0.3395,2020-02-13 10:00:00+00:00,180,-16.927406,-13.736917,0,0
2020-02-13 10:00:00+00:00,200,22.37,231.99,285.83,285.83,0.168,280.08,-39.562607,0.012207404,0.3395,2020-02-13 10:00:00+00:00,200,-17.625397,-13.775424,0,0
2020-02-13 10:00:00+00:00,220,22.83,232.69,285.93,285.93,0.153,280.08,-39.562607,0.012207404,0.3395,2020-02-13 10:00:00+00:00,220,-18.158247,-13.837881,0,0
2020-02-13 10:00:00+00:00,240,23.26,233.26,286.03,286.03,0.142,280.08,-39.562607,0.012207404,0.3395,2020-02-13 10:00:00+00:00,240,-18.639593,-13.913776,0,0
2020-02-13 10:00:00+00:00,260,23.91,233.91,286.13998,286.13998,0.131,280.08,-39.562607,0.012207404,0.3395,2020-02-13 10:00:00+00:00,260,-19.321493,-14.084316,0,0
2020-02-13 10:00:00+00:00,280,24.6,234.53,286.24,286.24,0.119,280.08,-39.562607,0.012207404,0.3395,2020-02-13 10:00:00+00:00,280,-20.034721,-14.274802,0,0
2020-02-13 10:00:00+00:00,300,25.22,234.97,286.34,286.34,0.105,280.08,-39.562607,0.012207404,0.3395,2020-02-13 10:00:00+00:00,300,-20.65144,-14.476409,0,0
2020-02-13 10:00:00+00:00,400,27.43,235.96,286.53,286.53,0.044,280.08,-39.562607,0.012207404,0.3395,2020-02-13 10:00:00+00:00,400,-22.729788,-15.354532,0,0
2020-02-13 10:00:00+00:00,500,28.22,236.96,286.0,286.0,0.046,280.08,-39.562607,0.012207404,0.3395,2020-02-13 10:00:00+00:00,500,-23.656546,-15.386233,0,0
2020-02-13 10:05:00+00:00,10,10.28,218.59,283.31,283.31,0.501,280.07,-41.556686,0.010986663,0.3574,2020-02-13 10:05:00+00:00,10,-6.41208,-8.03515,0,0
2020-02-13 10:05:00+00:00,20,14.57,220.57,283.97,283.97,0.649,280.07,-41.556686,0.010986663,0.3574,2020-02-13 10:05:00+00:00,20,-9.475987,-11.067545,0,0
2020-02-13 10:05:00+00:00,40,15.83,221.25,284.28,284.28,0.5,280.07,-41.556686,0.010986663,0.3574,2020-02-13 10:05:00+00:00,40,-10.437445,-11.901624,0,0
2020-02-13 10:05:00+00:00,60,17.11,222.69,284.56,284.56,0.417,280.07,-41.556686,0.010986663,0.3574,2020-02-13 10:05:00+00:00,60,-11.601117,-12.576415,0,0
2020-02-13 10:05:00+00:00,80,18.32,224.41,284.83,284.83,0.355,280.07,-41.556686,0.010986663,0.3574,2020-02-13 10:05:00+00:00,80,-12.820117,-13.086902,0,0
2020-02-13 10:05:00+00:00,100,19.37,226.2,285.06,285.06,0.298,280.07,-41.556686,0.010986663,0.3574,2020-02-13 10:05:00+00:00,100,-13.980494,-13.406816,0,0
2020-02-13 10:05:00+00:00,120,20.21,227.73,285.25,285.25,0.248,280.07,-41.556686,0.010986663,0.3574,2020-02-13 10:05:00+00:00,120,-14.955062,-13.593756,0,0
2020-02-13 10:05:00+00:00,140,20.74,228.78,285.38,285.38,0.216,280.07,-41.556686,0.010986663,0.3574,2020-02-13 10:05:00+00:00,140,-15.600315,-13.666665,0,0
2020-02-13 10:05:00+00:00,160,21.4,230.18,285.47998,285.47998,0.202,280.07,-41.556686,0.010986663,0.3574,2020-02-13 10:05:00+00:00,160,-16.436483,-13.704086,0,0
2020-02-13 10:05:00+00:00,180,22.03,231.38,285.56,285.56,0.184,280.07,-41.556686,0.010986663,0.3574,2020-02-13 10:05:00+00:00,180,-17.2121,-13.750074,0,0
2020-02-13 10:05:00+00:00,200,22.62,232.44,285.63998,285.63998,0.162,280.07,-41.556686,0.010986663,0.3574,2020-02-13 10:05:00+00:00,200,-17.931223,-13.788969,0,0
2020-02-13 10:05:00+00:00,220,23.13,233.16,285.72998,285.72998,0.148,280.07,-41.556686,0.010986663,0.3574,2020-02-13 10:05:00+00:00,220,-18.51124,-13.86834,0,0
2020-02-13 10:05:00+00:00,240,23.62,233.78,285.84,285.84,0.136,280.07,-41.556686,0.010986663,0.3574,2020-02-13 10:05:00+00:00,240,-19.055532,-13.95676,0,0
2020-02-13 10:05:00+00:00,260,24.23,234.33,285.96,285.96,0.127,280.07,-41.556686,0.010986663,0.3574,2020-02-13 10:05:00+00:00,260,-19.684183,-14.1289015,0,0
2020-02-13 10:05:00+00:00,280,24.86,234.85,286.08,286.08,0.118,280.07,-41.556686,0.010986663,0.3574,2020-02-13 10:05:00+00:00,280,-20.326723,-14.312368,0,0
2020-02-13 10:05:00+00:00,300,25.46,235.24,286.19,286.19,0.107,280.07,-41.556686,0.010986663,0.3574,2020-02-13 10:05:00+00:00,300,-20.916595,-14.51577,0,0
2020-02-13 10:05:00+00:00,400,27.67,236.3,286.41,286.41,0.047,280.07,-41.556686,0.010986663,0.3574,2020-02-13 10:05:00+00:00,400,-23.020174,-15.352541,0,0
2020-02-13 10:05:00+00:00,500,28.5,237.54,285.9,285.9,0.042,280.07,-41.556686,0.010986663,0.3574,2020-02-13 10:05:00+00:00,500,-24.047338,-15.296258,0,0
2020-02-13 10:10:00+00:00,10,10.58,219.99,283.25998,283.25998,0.537,280.07,-42.753166,0.010071108,0.3725,2020-02-13 10:10:00+00:00,10,-6.7992773,-8.105938,0,0
2020-02-13 10:10:00+00:00,20,14.78,221.69,283.86,283.86,0.685,280.07,-42.753166,0.010071108,0.3725,2020-02-13 10:10:00+00:00,20,-9.830179,-11.037027,0,0
2020-02-13 10:10:00+00:00,40,16.05,222.3,284.12,284.12,0.522,280.07,-42.753166,0.010071108,0.3725,2020-02-13 10:10:00+00:00,40,-10.801849,-11.871079,0,0
2020-02-13 10:10:00+00:00,60,17.17,223.47,284.37,284.37,0.444,280.07,-42.753166,0.010071108,0.3725,2020-02-13 10:10:00+00:00,60,-11.812524,-12.460866,0,0
2020-02-13 10:10:00+00:00,80,18.41,225.07,284.61,284.61,0.377,280.07,-42.753166,0.010071108,0.3725,2020-02-13 10:10:00+00:00,80,-13.033731,-13.001921,0,0
2020-02-13 10:10:00+00:00,100,19.43,226.68,284.82,284.82,0.313,280.07,-42.753166,0.010071108,0.3725,2020-02-13 10:10:00+00:00,100,-14.135969,-13.330388,0,0
2020-02-13 10:10:00+00:00,120,20.32,228.19,285.00998,285.00998,0.257,280.07,-42.753166,0.010071108,0.3725,2020-02-13 10:10:00+00:00,120,-15.145707,-13.546584,0,0
2020-02-13 10:10:00+00:00,140,20.92,229.31,285.15,285.15,0.217,280.07,-42.753166,0.010071108,0.3725,2020-02-13 10:10:00+00:00,140,-15.86255,-13.639132,0,0
2020-02-13 10:10:00+00:00,160,21.52,230.51,285.25998,285.25998,0.2,280.07,-42.753166,0.010071108,0.3725,2020-02-13 10:10:00+00:00,160,-16.607752,-13.685504,0,0
2020-02-13 10:10:00+00:00,180,22.14,231.64,285.36,285.36,0.183,280.07,-42.753166,0.010071108,0.3725,2020-02-13 10:10:00+00:00,180,-17.360567,-13.740098,0,0
2020-02-13 10:10:00+00:00,200,22.79,232.72,285.44998,285.44998,0.167,280.07,-42.753166,0.010071108,0.3725,2020-02-13 10:10:00+00:00,200,-18.133663,-13.804144,0,0
2020-02-13 10:10:00+00:00,220,23.38,233.5,285.57,285.57,0.153,280.07,-42.753166,0.010071108,0.3725,2020-02-13 10:10:00+00:00,220,-18.79417,-13.90696,0,0
2020-02-13 10:10:00+00:00,240,23.96,234.17,285.69,285.69,0.14,280.07,-42.753166,0.010071108,0.3725,2020-02-13 10:10:00+00:00,240,-19.425749,-14.025758,0,0
2020-02-13 10:10:00+00:00,260,24.59,234.7,285.82,285.82,0.129,280.07,-42.753166,0.010071108,0.3725,2020-02-13 10:10:00+00:00,260,-20.068823,-14.20952,0,0
2020-02-13 10:10:00+00:00,280,25.24,235.19,285.96,285.96,0.119,280.07,-42.753166,0.010071108,0.3725,2020-02-13 10:10:00+00:00,280,-20.723291,-14.408429,0,0
2020-02-13 10:10:00+00:00,300,25.83,235.53,286.08,286.08,0.107,280.07,-42.753166,0.010071108,0.3725,2020-02-13 10:10:00+00:00,300,-21.294838,-14.619123,0,0
2020-02-13 10:10:00+00:00,400,27.85,236.47,286.32,286.32,0.048,280.07,-42.753166,0.010071108,0.3725,2020-02-13 10:10:00+00:00,400,-23.215668,-15.383603,0,0
2020-02-13 10:10:00+00:00,500,28.75,238.07,285.83,285.83,0.037,280.07,-42.753166,0.010071108,0.3725,2020-02-13 10:10:00+00:00,500,-24.39998,-15.205374,0,0
2020-02-13 10:15:00+00:00,10,10.74,221.06,283.16998,283.16998,0.557,280.07,-42.66556,0.009155553,0.3808,2020-02-13 10:15:00+00:00,10,-7.0545583,-8.098198,0,0
2020-02-13 10:15:00+00:00,20,14.88,222.5,283.72998,283.72998,0.703,280.07,-42.66556,0.009155553,0.3808,2020-02-13 10:15:00+00:00,20,-10.052782,-10.970688,0,0
2020-02-13 10:15:00+00:00,40,16.12,223.03,283.94998,283.94998,0.533,280.07,-42.66556,0.009155553,0.3808,2020-02-13 10:15:00+00:00,40,-10.999984,-11.783666,0,0
2020-02-13 10:15:00+00:00,60,17.15,224.01,284.15,284.15,0.459,280.07,-42.66556,0.009155553,0.3808,2020-02-13 10:15:00+00:00,60,-11.915541,-12.3345995,0,0
2020-02-13 10:15:00+00:00,80,18.4,225.48,284.37,284.37,0.394,280.07,-42.66556,0.009155553,0.3808,2020-02-13 10:15:00+00:00,80,-13.119304,-12.901312,0,0
2020-02-13 10:15:00+00:00,100,19.38,226.89,284.55,284.55,0.334,280.07,-42.66556,0.009155553,0.3808,2020-02-13 10:15:00+00:00,100,-14.148231,-13.244316,0,0
2020-02-13 10:15:00+00:00,120,20.29,228.37,284.72,284.72,0.278,280.07,-42.66556,0.009155553,0.3808,2020-02-13 10:15:00+00:00,120,-15.165767,-13.479008,0,0
2020-02-13 10:15:00+00:00,140,21.1,229.78,284.88,284.88,0.226,280.07,-42.66556,0.009155553,0.3808,2020-02-13 10:15:00+00:00,140,-16.11134,-13.624784,0,0
2020-02-13 10:15:00+00:00,160,21.6,230.7,285.00998,285.00998,0.203,280.07,-42.66556,0.009155553,0.3808,2020-02-13 10:15:00+00:00,160,-16.714947,-13.681028,0,0
2020-02-13 10:15:00+00:00,180,22.21,231.76,285.15,285.15,0.186,280.07,-42.66556,0.009155553,0.3808,2020-02-13 10:15:00+00:00,180,-17.444284,-13.747037,0,0
2020-02-13 10:15:00+00:00,200,22.94,232.92,285.25998,285.25998,0.174,280.07,-42.66556,0.009155553,0.3808,2020-02-13 10:15:00+00:00,200,-18.301405,-13.831205,0,0
2020-02-13 10:15:00+00:00,220,23.59,233.72,285.4,285.4,0.159,280.07,-42.66556,0.009155553,0.3808,2020-02-13 10:15:00+00:00,220,-19.016724,-13.958953,0,0
2020-02-13 10:15:00+00:00,240,24.22,234.42,285.54,285.54,0.143,280.07,-42.66556,0.009155553,0.3808,2020-02-13 10:15:00+00:00,240,-19.698217,-14.092147,0,0
2020-02-13 10:15:00+00:00,260,24.89,234.94,285.69,285.69,0.129,280.07,-42.66556,0.009155553,0.3808,2020-02-13 10:15:00+00:00,260,-20.373735,-14.297657,0,0
2020-02-13 10:15:00+00:00,280,25.56,235.42,285.84,285.84,0.115,280.07,-42.66556,0.009155553,0.3808,2020-02-13 10:15:00+00:00,280,-21.044434,-14.506738,0,0
2020-02-13 10:15:00+00:00,300,26.11,235.73,285.97,285.97,0.101,280.07,-42.66556,0.009155553,0.3808,2020-02-13 10:15:00+00:00,300,-21.577126,-14.702373,0,0
2020-02-13 10:15:00+00:00,400,27.96,236.78,286.19998,286.19998,0.046,280.07,-42.66556,0.009155553,0.3808,2020-02-13 10:15:00+00:00,400,-23.390587,-15.318029,0,0
2020-02-13 10:15:00+00:00,500,29.16,239.14,286.03,286.03,0.033,280.07,-42.66556,0.009155553,0.3808,2020-02-13 10:15:00+00:00,500,-25.031622,-14.957389,0,0
2020-02-13 10:20:00+00:00,10,10.8,221.72,283.05,283.05,0.566,280.07,-41.520844,0.008850368,0.3844,2020-02-13 10:20:00+00:00,10,-7.187302,-8.061184,1,6000
2020-02-13 10:20:00+00:00,20,14.91,223.01,283.56,283.56,0.712,280.07,-41.520844,0.008850368,0.3844,2020-02-13 10:20:00+00:00,20,-10.170497,-10.90271,1,6000
2020-02-13 10:20:00+00:00,40,16.13,223.49,283.74,283.74,0.542,280.07,-41.520844,0.008850368,0.3844,2020-02-13 10:20:00+00:00,40,-11.101117,-11.702225,1,6000
2020-02-13 10:20:00+00:00,60,17.1,224.34,283.91,283.91,0.47,280.07,-41.520844,0.008850368,0.3844,2020-02-13 10:20:00+00:00,60,-11.951442,-12.230007,1,6000
2020-02-13 10:20:00+00:00,80,18.39,225.76,284.1,284.1,0.407,280.07,-41.520844,0.008850368,0.3844,2020-02-13 10:20:00+00:00,80,-13.17503,-12.83007,1,6000
2020-02-13 10:20:00+00:00,100,19.34,226.98,284.25998,284.25998,0.341,280.07,-41.520844,0.008850368,0.3844,2020-02-13 10:20:00+00:00,100,-14.139775,-13.194785,1,6000
2020-02-13 10:20:00+00:00,120,20.16,228.27,284.41,284.41,0.292,280.07,-41.520844,0.008850368,0.3844,2020-02-13 10:20:00+00:00,120,-15.045202,-13.418922,1,6000
2020-02-13 10:20:00+00:00,140,21.11,229.85,284.58,284.58,0.245,280.07,-41.520844,0.008850368,0.3844,2020-02-13 10:20:00+00:00,140,-16.135622,-13.611531,1,6000
2020-02-13 10:20:00+00:00,160,21.66,230.8,284.75,284.75,0.213,280.07,-41.520844,0.008850368,0.3844,2020-02-13 10:20:00+00:00,160,-16.785295,-13.689758,1,6000
2020-02-13 10:20:00+00:00,180,22.32,231.88,284.9,284.9,0.188,280.07,-41.520844,0.008850368,0.3844,2020-02-13 10:20:00+00:00,180,-17.559582,-13.778369,1,6000
2020-02-13 10:20:00+00:00,200,23.09,233.04,285.05,285.05,0.17,280.07,-41.520844,0.008850368,0.3844,2020-02-13 10:20:00+00:00,200,-18.450188,-13.883036,1,6000
2020-02-13 10:20:00+00:00,220,23.74,233.8,285.19998,285.19998,0.152,280.07,-41.520844,0.008850368,0.3844,2020-02-13 10:20:00+00:00,220,-19.157236,-14.02098,1,6000
2020-02-13 10:20:00+00:00,240,24.35,234.45,285.34,285.34,0.133,280.07,-41.520844,0.008850368,0.3844,2020-02-13 10:20:00+00:00,240,-19.811361,-14.157416,1,6000
2020-02-13 10:20:00+00:00,260,25.03,234.98,285.47998,285.47998,0.117,280.07,-41.520844,0.008850368,0.3844,2020-02-13 10:20:00+00:00,260,-20.498358,-14.363782,1,6000
2020-02-13 10:20:00+00:00,280,25.73,235.46,285.63,285.63,0.101,280.07,-41.520844,0.008850368,0.3844,2020-02-13 10:20:00+00:00,280,-21.19459,-14.58843,1,6000
2020-02-13 10:20:00+00:00,300,26.3,235.8,285.75998,285.75998,0.087,280.07,-41.520844,0.008850368,0.3844,2020-02-13 10:20:00+00:00,300,-21.752222,-14.782787,1,6000
2020-02-13 10:20:00+00:00,400,28.27,237.18,286.1,286.1,0.041,280.07,-41.520844,0.008850368,0.3844,2020-02-13 10:20:00+00:00,400,-23.757467,-15.322391,1,6000
2020-02-13 10:20:00+00:00,500,29.76,240.46,286.46,286.46,0.028,280.07,-41.520844,0.008850368,0.3844,2020-02-13 10:20:00+00:00,500,-25.89155,-14.672602,1,6000
2020-02-13 10:25:00+00:00,10,10.76,222.35,282.91,282.91,0.564,280.07,-39.65331,0.008545183,0.3833,2020-02-13 10:25:00+00:00,10,-7.248558,-7.952108,1,0
2020-02-13 10:25:00+00:00,20,14.87,223.55,283.38998,283.38998,0.714,280.07,-39.65331,0.008545183,0.3833,2020-02-13 10:25:00+00:00,20,-10.245241,-10.777381,1,0
2020-02-13 10:25:00+00:00,40,16.07,223.99,283.55,283.55,0.546,280.07,-39.65331,0.008545183,0.3833,2020-02-13 10:25:00+00:00,40,-11.161142,-11.561738,1,0
2020-02-13 10:25:00+00:00,60,17.01,224.75,283.68,283.68,0.476,280.07,-39.65331,0.008545183,0.3833,2020-02-13 10:25:00+00:00,60,-11.975289,-12.080254,1,0
2020-02-13 10:25:00+00:00,80,18.28,226.07,283.85,283.85,0.416,280.07,-39.65331,0.008545183,0.3833,2020-02-13 10:25:00+00:00,80,-13.165036,-12.6822815,1,0
2020-02-13 10:25:00+00:00,100,19.24,227.23,284.0,284.0,0.354,280.07,-39.65331,0.008545183,0.3833,2020-02-13 10:25:00+00:00,100,-14.123805,-13.065058,1,0
2020-02-13 10:25:00+00:00,120,20.1,228.47,284.15,284.15,0.305,280.07,-39.65331,0.008545183,0.3833,2020-02-13 10:25:00+00:00,120,-15.047036,-13.326542,1,0
2020-02-13 10:25:00+00:00,140,21.1,229.96,284.31,284.31,0.256,280.07,-39.65331,0.008545183,0.3833,2020-02-13 10:25:00+00:00,140,-16.154068,-13.574097,1,0
2020-02-13 10:25:00+00:00,160,21.67,230.85,284.47,284.47,0.22,280.07,-39.65331,0.008545183,0.3833,2020-02-13 10:25:00+00:00,160,-16.804996,-13.681413,1,0
2020-02-13 10:25:00+00:00,180,22.36,231.84,284.62,284.62,0.191,280.07,-39.65331,0.008545183,0.3833,2020-02-13 10:25:00+00:00,180,-17.581411,-13.81534,1,0
2020-02-13 10:25:00+00:00,200,23.14,232.9,284.77,284.77,0.17,280.07,-39.65331,0.008545183,0.3833,2020-02-13 10:25:00+00:00,200,-18.45609,-13.958233,1,0
2020-02-13 10:25:00+00:00,220,23.86,233.66,284.91998,284.91998,0.149,280.07,-39.65331,0.008545183,0.3833,2020-02-13 10:25:00+00:00,220,-19.219584,-14.138854,1,0
2020-02-13 10:25:00+00:00,240,24.56,234.33,285.08,285.08,0.127,280.07,-39.65331,0.008545183,0.3833,2020-02-13 10:25:00+00:00,240,-19.95227,-14.32133,1,0
2020-02-13 10:25:00+00:00,260,25.29,234.88,285.25998,285.25998,0.109,280.07,-39.65331,0.008545183,0.3833,2020-02-13 10:25:00+00:00,260,-20.685934,-14.5491,1,0
2020-02-13 10:25:00+00:00,280,26.04,235.39,285.44998,285.44998,0.091,280.07,-39.65331,0.008545183,0.3833,2020-02-13 10:25:00+00:00,280,-21.431887,-14.790399,1,0
2020-02-13 10:25:00+00:00,300,26.64,235.77,285.62,285.62,0.077,280.07,-39.65331,0.008545183,0.3833,2020-02-13 10:25:00+00:00,300,-22.025585,-14.98543,1,0
2020-02-13 10:25:00+00:00,400,28.68,237.6,286.16998,286.16998,0.035,280.07,-39.65331,0.008545183,0.3833,2020-02-13 10:25:00+00:00,400,-24.215328,-15.367506,1,0
2020-02-13 10:25:00+00:00,500,30.22,241.75,287.06,287.06,0.023,280.07,-39.65331,0.008545183,0.3833,2020-02-13 10:25:00+00:00,500,-26.62052,-14.303716,1,0
2020-02-13 10:30:00+00:00,10,10.63,223.25,282.75998,282.75998,0.551,280.07,-37.267555,0.008239998,0.3777,2020-02-13 10:30:00+00:00,10,-7.283494,-7.7425847,1,0
2020-02-13 10:30:00+00:00,20,14.75,224.21,283.22,283.22,0.703,280.07,-37.267555,0.008239998,0.3777,2020-02-13 10:30:00+00:00,20,-10.285031,-10.572636,1,0
2020-02-13 10:30:00+00:00,40,15.93,224.56,283.34,283.34,0.538,280.07,-37.267555,0.008239998,0.3777,2020-02-13 10:30:00+00:00,40,-11.177375,-11.350382,1,0
2020-02-13 10:30:00+00:00,60,16.85,225.2,283.44998,283.44998,0.47,280.07,-37.267555,0.008239998,0.3777,2020-02-13 10:30:00+00:00,60,-11.956266,-11.873087,1,0
2020-02-13 10:30:00+00:00,80,18.09,226.3,283.58,283.58,0.416,280.07,-37.267555,0.008239998,0.3777,2020-02-13 10:30:00+00:00,80,-13.078476,-12.498063,1,0
2020-02-13 10:30:00+00:00,100,19.07,227.3,283.69998,283.69998,0.36,280.07,-37.267555,0.008239998,0.3777,2020-02-13 10:30:00+00:00,100,-14.014822,-12.932504,1,0
2020-02-13 10:30:00+00:00,120,19.95,228.36,283.83,283.83,0.315,280.07,-37.267555,0.008239998,0.3777,2020-02-13 10:30:00+00:00,120,-14.909321,-13.255741,1,0
2020-02-13 10:30:00+00:00,140,20.96,229.6,283.97998,283.97998,0.273,280.07,-37.267555,0.008239998,0.3777,2020-02-13 10:30:00+00:00,140,-15.9618435,-13.584592,1,0
2020-02-13 10:30:00+00:00,160,21.72,230.57,284.13,284.13,0.234,280.07,-37.267555,0.008239998,0.3777,2020-02-13 10:30:00+00:00,160,-16.776552,-13.795132,1,0
2020-02-13 10:30:00+00:00,180,22.51,231.54,284.3,284.3,0.204,280.07,-37.267555,0.008239998,0.3777,2020-02-13 10:30:00+00:00,180,-17.626287,-14.000504,1,0
2020-02-13 10:30:00+00:00,200,23.33,232.49,284.47,284.47,0.179,280.07,-37.267555,0.008239998,0.3777,2020-02-13 10:30:00+00:00,200,-18.506453,-14.205636,1,0
2020-02-13 10:30:00+00:00,220,24.18,233.35,284.68,284.68,0.155,280.07,-37.267555,0.008239998,0.3777,2020-02-13 10:30:00+00:00,220,-19.399538,-14.433653,1,0
2020-02-13 10:30:00+00:00,240,25.04,234.13,284.91,284.91,0.131,280.07,-37.267555,0.008239998,0.3777,2020-02-13 10:30:00+00:00,240,-20.29113,-14.67214,1,0
2020-02-13 10:30:00+00:00,260,25.79,234.71,285.18,285.18,0.109,280.07,-37.267555,0.008239998,0.3777,2020-02-13 10:30:00+00:00,260,-21.050789,-14.899276,1,0
2020-02-13 10:30:00+00:00,280,26.51,235.24,285.44,285.44,0.087,280.07,-37.267555,0.008239998,0.3777,2020-02-13 10:30:00+00:00,280,-21.77922,-15.114418,1,0
2020-02-13 10:30:00+00:00,300,27.09,235.69,285.66,285.66,0.071,280.07,-37.267555,0.008239998,0.3777,2020-02-13 10:30:00+00:00,300,-22.376337,-15.26983,1,0
2020-02-13 10:30:00+00:00,400,29.07,238.43,286.47998,286.47998,0.031,280.07,-37.267555,0.008239998,0.3777,2020-02-13 10:30:00+00:00,400,-24.767672,-15.219308,1,0
2020-02-13 10:30:00+00:00,500,30.56,242.88,287.63998,287.63998,0.018,280.07,-37.267555,0.008239998,0.3777,2020-02-13 10:30:00+00:00,500,-27.20004,-13.930949,1,0
2020-02-13 10:35:00+00:00,10,10.47,224.25,282.61,282.61,0.535,280.07,-34.708733,0.008239998,0.3709,2020-02-13 10:35:00+00:00,10,-7.3058662,-7.499682,1,0
2020-02-13 10:35:00+00:00,20,14.58,224.88,283.03,283.03,0.69,280.07,-34.708733,0.008239998,0.3709,2020-02-13 10:35:00+00:00,20,-10.288002,-10.331186,1,0
2020-02-13 10:35:00+00:00,40,15.77,225.13,283.13,283.13,0.528,280.07,-34.708733,0.008239998,0.3709,2020-02-13 10:35:00+00:00,40,-11.176347,-11.125744,1,0
2020-02-13 10:35:00+00:00,60,16.66,225.58,283.21,283.21,0.461,280.07,-34.708733,0.008239998,0.3709,2020-02-13 10:35:00+00:00,60,-11.899046,-11.660545,1,0
2020-02-13 10:35:00+00:00,80,17.85,226.38,283.31,283.31,0.417,280.07,-34.708733,0.008239998,0.3709,2020-02-13 10:35:00+00:00,80,-12.922173,-12.314219,1,0
2020-02-13 10:35:00+00:00,100,18.91,227.23,283.41,283.41,0.372,280.07,-34.708733,0.008239998,0.3709,2020-02-13 10:35:00+00:00,100,-13.8815565,-12.840969,1,0
2020-02-13 10:35:00+00:00,120,19.9,228.15,283.53,283.53,0.333,280.07,-34.708733,0.008239998,0.3709,2020-02-13 10:35:00+00:00,120,-14.823391,-13.2769375,1,0
2020-02-13 10:35:00+00:00,140,20.9,229.15,283.66998,283.66998,0.301,280.07,-34.708733,0.008239998,0.3709,2020-02-13 10:35:00+00:00,140,-15.80927,-13.670294,1,0
2020-02-13 10:35:00+00:00,160,21.85,230.2,283.84,283.84,0.268,280.07,-34.708733,0.008239998,0.3709,2020-02-13 10:35:00+00:00,160,-16.786995,-13.986399,1,0
2020-02-13 10:35:00+00:00,180,22.79,231.25,284.05,284.05,0.235,280.07,-34.708733,0.008239998,0.3709,2020-02-13 10:35:00+00:00,180,-17.773565,-14.2648,1,0
2020-02-13 10:35:00+00:00,200,23.74,232.27,284.28,284.28,0.201,280.07,-34.708733,0.008239998,0.3709,2020-02-13 10:35:00+00:00,200,-18.776045,-14.527483,1,0
2020-02-13 10:35:00+00:00,220,24.65,233.2,284.6,284.6,0.168,280.07,-34.708733,0.008239998,0.3709,2020-02-13 10:35:00+00:00,220,-19.73803,-14.765929,1,0
2020-02-13 10:35:00+00:00,240,25.56,234.05,284.93,284.93,0.135,280.07,-34.708733,0.008239998,0.3709,2020-02-13 10:35:00+00:00,240,-20.69158,-15.005735,1,0
2020-02-13 10:35:00+00:00,260,26.27,234.69,285.25,285.25,0.109,280.07,-34.708733,0.008239998,0.3709,2020-02-13 10:35:00+00:00,260,-21.437284,-15.184062,1,0
2020-02-13 10:35:00+00:00,280,26.96,235.26,285.57,285.57,0.085,280.07,-34.708733,0.008239998,0.3709,2020-02-13 10:35:00+00:00,280,-22.154282,-15.36325,1,0
2020-02-13 10:35:00+00:00,300,27.49,235.82,285.81,285.81,0.068,280.07,-34.708733,0.008239998,0.3709,2020-02-13 10:35:00+00:00,300,-22.74184,-15.443729,1,0
2020-02-13 10:35:00+00:00,400,29.34,239.52,286.83,286.83,0.028,280.07,-34.708733,0.008239998,0.3709,2020-02-13 10:35:00+00:00,400,-25.285398,-14.882346,1,0
2020-02-13 10:35:00+00:00,500,30.68,243.66,288.06,288.06,0.013,280.07,-34.708733,0.008239998,0.3709,2020-02-13 10:35:00+00:00,500,-27.494709,-13.61262,1,0
2020-02-13 10:40:00+00:00,10,10.32,225.5,282.47,282.47,0.522,280.07,-32.315746,0.007934812,0.3641,2020-02-13 10:40:00+00:00,10,-7.360743,-7.2333846,1,0
2020-02-13 10:40:00+00:00,20,14.48,225.86,282.88,282.88,0.682,280.07,-32.315746,0.007934812,0.3641,2020-02-13 10:40:00+00:00,20,-10.391431,-10.084074,1,0
2020-02-13 10:40:00+00:00,40,15.68,226.03,282.96,282.96,0.524,280.07,-32.315746,0.007934812,0.3641,2020-02-13 10:40:00+00:00,40,-11.28495,-10.886335,1,0
2020-02-13 10:40:00+00:00,60,16.55,226.37,283.02,283.02,0.462,280.07,-32.315746,0.007934812,0.3641,2020-02-13 10:40:00+00:00,60,-11.979065,-11.419477,1,0
2020-02-13 10:40:00+00:00,80,17.74,226.98,283.12,283.12,0.433,280.07,-32.315746,0.007934812,0.3641,2020-02-13 10:40:00+00:00,80,-12.96999,-12.103179,1,0
2020-02-13 10:40:00+00:00,100,18.87,227.71,283.22998,283.22998,0.402,280.07,-32.315746,0.007934812,0.3641,2020-02-13 10:40:00+00:00,100,-13.959058,-12.697308,1,0
2020-02-13 10:40:00+00:00,120,19.95,228.52,283.35,283.35,0.37,280.07,-32.315746,0.007934812,0.3641,2020-02-13 10:40:00+00:00,120,-14.946281,-13.214054,1,0
2020-02-13 10:40:00+00:00,140,21.0,229.39,283.5,283.5,0.337,280.07,-32.315746,0.007934812,0.3641,2020-02-13 10:40:00+00:00,140,-15.942309,-13.6690445,1,0
2020-02-13 10:40:00+00:00,160,22.03,230.38,283.69998,283.69998,0.306,280.07,-32.315746,0.007934812,0.3641,2020-02-13 10:40:00+00:00,160,-16.969507,-14.048371,1,0
2020-02-13 10:40:00+00:00,180,23.06,231.42,283.97,283.97,0.269,280.07,-32.315746,0.007934812,0.3641,2020-02-13 10:40:00+00:00,180,-18.026884,-14.38037,1,0
2020-02-13 10:40:00+00:00,200,24.11,232.46,284.28,284.28,0.227,280.07,-32.315746,0.007934812,0.3641,2020-02-13 10:40:00+00:00,200,-19.117496,-14.69059,1,0
2020-02-13 10:40:00+00:00,220,25.02,233.37,284.66998,284.66998,0.185,280.07,-32.315746,0.007934812,0.3641,2020-02-13 10:40:00+00:00,220,-20.078678,-14.928062,1,0
2020-02-13 10:40:00+00:00,240,25.91,234.21,285.06,285.06,0.142,280.07,-32.315746,0.007934812,0.3641,2020-02-13 10:40:00+00:00,240,-21.01731,-15.152585,1,0
2020-02-13 10:40:00+00:00,260,26.58,234.89,285.4,285.4,0.113,280.07,-32.315746,0.007934812,0.3641,2020-02-13 10:40:00+00:00,260,-21.743748,-15.287439,1,0
2020-02-13 10:40:00+00:00,280,27.21,235.52,285.74,285.74,0.085,280.07,-32.315746,0.007934812,0.3641,2020-02-13 10:40:00+00:00,280,-22.429852,-15.404083,1,0
2020-02-13 10:40:00+00:00,300,27.71,236.24,286.00998,286.00998,0.067,280.07,-32.315746,0.007934812,0.3641,2020-02-13 10:40:00+00:00,300,-23.037338,-15.398866,1,0
2020-02-13 10:40:00+00:00,400,29.47,240.67,287.15,287.15,0.025,280.07,-32.315746,0.007934812,0.3641,2020-02-13 10:40:00+00:00,400,-25.692324,-14.435558,1,0
2020-02-13 10:40:00+00:00,500,30.68,244.28,288.34,288.34,0.01,280.07,-32.315746,0.007934812,0.3641,2020-02-13 10:40:00+00:00,500,-27.640394,-13.314313,1,0
2020-02-13 10:45:00+00:00,10,10.22,227.42,282.4,282.4,0.521,280.07,-30.841015,0.007934812,0.3597,2020-02-13 10:45:00+00:00,10,-7.5253267,-6.915046,1,0
2020-02-13 10:45:00+00:00,20,14.65,227.68,282.83,282.83,0.701,280.07,-30.841015,0.007934812,0.3597,2020-02-13 10:45:00+00:00,20,-10.8321495,-9.863419,1,0
2020-02-13 10:45:00+00:00,40,15.87,227.77,282.91,282.91,0.536,280.07,-30.841015,0.007934812,0.3597,2020-02-13 10:45:00+00:00,40,-11.750986,-10.666359,1,0
2020-02-13 10:45:00+00:00,60,16.72,227.93,282.97,282.97,0.464,280.07,-30.841015,0.007934812,0.3597,2020-02-13 10:45:00+00:00,60,-12.411702,-11.203036,1,0
2020-02-13 10:45:00+00:00,80,17.81,228.25,283.07,283.07,0.444,280.07,-30.841015,0.007934812,0.3597,2020-02-13 10:45:00+00:00,80,-13.287282,-11.859351,1,0
2020-02-13 10:45:00+00:00,100,19.0,228.73,283.19,283.19,0.423,280.07,-30.841015,0.007934812,0.3597,2020-02-13 10:45:00+00:00,100,-14.2805805,-12.532558,1,0
2020-02-13 10:45:00+00:00,120,20.13,229.32,283.33,283.33,0.393,280.07,-30.841015,0.007934812,0.3597,2020-02-13 10:45:00+00:00,120,-15.265824,-13.121414,1,0
2020-02-13 10:45:00+00:00,140,21.2,229.99,283.49,283.49,0.361,280.07,-30.841015,0.007934812,0.3597,2020-02-13 10:45:00+00:00,140,-16.237766,-13.6299305,1,0
2020-02-13 10:45:00+00:00,160,22.3,230.9,283.72998,283.72998,0.325,280.07,-30.841015,0.007934812,0.3597,2020-02-13 10:45:00+00:00,160,-17.30583,-14.064076,1,0
2020-02-13 10:45:00+00:00,180,23.36,231.86,284.05,284.05,0.282,280.07,-30.841015,0.007934812,0.3597,2020-02-13 10:45:00+00:00,180,-18.372736,-14.426787,1,0
2020-02-13 10:45:00+00:00,200,24.41,232.84,284.41998,284.41998,0.234,280.07,-30.841015,0.007934812,0.3597,2020-02-13 10:45:00+00:00,200,-19.453594,-14.744687,1,0
2020-02-13 10:45:00+00:00,220,25.27,233.71,284.83,284.83,0.189,280.07,-30.841015,0.007934812,0.3597,2020-02-13 10:45:00+00:00,220,-20.36842,-14.956617,1,0
2020-02-13 10:45:00+00:00,240,26.1,234.52,285.24,285.24,0.145,280.07,-30.841015,0.007934812,0.3597,2020-02-13 10:45:00+00:00,240,-21.253706,-15.148927,1,0
2020-02-13 10:45:00+00:00,260,26.71,235.3,285.58,285.58,0.115,280.07,-30.841015,0.007934812,0.3597,2020-02-13 10:45:00+00:00,260,-21.959463,-15.20546,1,0
2020-02-13 10:45:00+00:00,280,27.3,236.04,285.91998,285.91998,0.088,280.07,-30.841015,0.007934812,0.3597,2020-02-13 10:45:00+00:00,280,-22.643377,-15.250162,1,0
2020-02-13 10:45:00+00:00,300,27.76,236.92,286.19,286.19,0.069,280.07,-30.841015,0.007934812,0.3597,2020-02-13 10:45:00+00:00,300,-23.260363,-15.151672,1,0
2020-02-13 10:45:00+00:00,400,29.43,241.82,287.38998,287.38998,0.023,280.07,-30.841015,0.007934812,0.3597,2020-02-13 10:45:00+00:00,400,-25.941616,-13.898112,1,0
2020-02-13 10:45:00+00:00,500,30.52,244.91,288.47,288.47,0.007,280.07,-30.841015,0.007934812,0.3597,2020-02-13 10:45:00+00:00,500,-27.640223,-12.941738,1,0
2020-02-13 10:50:00+00:00,10,10.1,230.34,282.4,282.4,0.519,280.07,-30.208122,0.008239998,0.3539,2020-02-13 10:50:00+00:00,10,-7.775437,-6.4461303,1,0
2020-02-13 10:50:00+00:00,20,14.92,229.63,282.88,282.88,0.723,280.07,-30.208122,0.008239998,0.3539,2020-02-13 10:50:00+00:00,20,-11.367214,-9.663999,1,0
2020-02-13 10:50:00+00:00,40,16.17,229.47,282.96,282.96,0.541,280.07,-30.208122,0.008239998,0.3539,2020-02-13 10:50:00+00:00,40,-12.290262,-10.508015,1,0
2020-02-13 10:50:00+00:00,60,16.97,229.36,283.0,283.0,0.449,280.07,-30.208122,0.008239998,0.3539,2020-02-13 10:50:00+00:00,60,-12.877119,-11.052632,1,0
2020-02-13 10:50:00+00:00,80,17.97,229.35,283.09,283.09,0.427,280.07,-30.208122,0.008239998,0.3539,2020-02-13 10:50:00+00:00,80,-13.633893,-11.706316,1,0
2020-02-13 10:50:00+00:00,100,19.17,229.54,283.22998,283.22998,0.414,280.07,-30.208122,0.008239998,0.3539,2020-02-13 10:50:00+00:00,100,-14.585667,-12.439744,1,0
2020-02-13 10:50:00+00:00,120,20.33,229.94,283.38998,283.38998,0.39,280.07,-30.208122,0.008239998,0.3539,2020-02-13 10:50:00+00:00,120,-15.559993,-13.08417,1,0
2020-02-13 10:50:00+00:00,140,21.45,230.52,283.58,283.58,0.359,280.07,-30.208122,0.008239998,0.3539,2020-02-13 10:50:00+00:00,140,-16.55611,-13.638099,1,0
2020-02-13 10:50:00+00:00,160,22.57,231.42,283.87,283.87,0.319,280.07,-30.208122,0.008239998,0.3539,2020-02-13 10:50:00+00:00,160,-17.643833,-14.074802,1,0
2020-02-13 10:50:00+00:00,180,23.62,232.37,284.22998,284.22998,0.273,280.07,-30.208122,0.008239998,0.3539,2020-02-13 10:50:00+00:00,180,-18.706333,-14.421425,1,0
2020-02-13 10:50:00+00:00,200,24.62,233.32,284.65,284.65,0.223,280.07,-30.208122,0.008239998,0.3539,2020-02-13 10:50:00+00:00,200,-19.744852,-14.70664,1,0
2020-02-13 10:50:00+00:00,220,25.42,234.25,285.07,285.07,0.181,280.07,-30.208122,0.008239998,0.3539,2020-02-13 10:50:00+00:00,220,-20.630209,-14.851626,1,0
2020-02-13 10:50:00+00:00,240,26.19,235.11,285.49,285.49,0.14,280.07,-30.208122,0.008239998,0.3539,2020-02-13 10:50:00+00:00,240,-21.482393,-14.980751,1,0
2020-02-13 10:50:00+00:00,260,26.76,236.06,285.84,285.84,0.113,280.07,-30.208122,0.008239998,0.3539,2020-02-13 10:50:00+00:00,260,-22.200703,-14.9407625,1,0
2020-02-13 10:50:00+00:00,280,27.32,236.99,286.16998,286.16998,0.088,280.07,-30.208122,0.008239998,0.3539,2020-02-13 10:50:00+00:00,280,-22.909882,-14.883538,1,0
2020-02-13 10:50:00+00:00,300,27.75,238.02,286.46,286.46,0.07,280.07,-30.208122,0.008239998,0.3539,2020-02-13 10:50:00+00:00,300,-23.538464,-14.697049,1,0
2020-02-13 10:50:00+00:00,400,29.33,243.11,287.69998,287.69998,0.022,280.07,-30.208122,0.008239998,0.3539,2020-02-13 10:50:00+00:00,400,-26.15874,-13.265341,1,0
2020-02-13 10:50:00+00:00,500,30.3,245.7,288.63,288.63,0.006,280.07,-30.208122,0.008239998,0.3539,2020-02-13 10:50:00+00:00,500,-27.615515,-12.468889,1,0
2020-02-13 10:55:00+00:00,10,9.88,233.2,282.43,282.43,0.516,280.07,-29.526657,0.008545183,0.3442,2020-02-13 10:55:00+00:00,10,-7.9112267,-5.9183526,1,0
2020-02-13 10:55:00+00:00,20,15.11,230.57,282.94,282.94,0.754,280.07,-29.526657,0.008545183,0.3442,2020-02-13 10:55:00+00:00,20,-11.670981,-9.5968895,1,0
2020-02-13 10:55:00+00:00,40,16.45,230.08,283.02,283.02,0.556,280.07,-29.526657,0.008545183,0.3442,2020-02-13 10:55:00+00:00,40,-12.616184,-10.556252,1,0
2020-02-13 10:55:00+00:00,60,17.27,229.78,283.06,283.06,0.446,280.07,-29.526657,0.008545183,0.3442,2020-02-13 10:55:00+00:00,60,-13.186865,-11.15166,1,0
2020-02-13 10:55:00+00:00,80,18.22,229.6,283.13998,283.13998,0.41,280.07,-29.526657,0.008545183,0.3442,2020-02-13 10:55:00+00:00,80,-13.875229,-11.8087435,1,0
2020-02-13 10:55:00+00:00,100,19.4,229.67,283.28,283.28,0.394,280.07,-29.526657,0.008545183,0.3442,2020-02-13 10:55:00+00:00,100,-14.789193,-12.555467,1,0
2020-02-13 10:55:00+00:00,120,20.6,230.06,283.47998,283.47998,0.372,280.07,-29.526657,0.008545183,0.3442,2020-02-13 10:55:00+00:00,120,-15.794374,-13.224892,1,0
2020-02-13 10:55:00+00:00,140,21.75,230.69,283.69998,283.69998,0.341,280.07,-29.526657,0.008545183,0.3442,2020-02-13 10:55:00+00:00,140,-16.828617,-13.778974,1,0
2020-02-13 10:55:00+00:00,160,22.87,231.66,284.04,284.04,0.297,280.07,-29.526657,0.008545183,0.3442,2020-02-13 10:55:00+00:00,160,-17.937933,-14.186876,1,0
2020-02-13 10:55:00+00:00,180,23.89,232.66,284.44,284.44,0.252,280.07,-29.526657,0.008545183,0.3442,2020-02-13 10:55:00+00:00,180,-18.993752,-14.490322,1,0
2020-02-13 10:55:00+00:00,200,24.84,233.68,284.88,284.88,0.205,280.07,-29.526657,0.008545183,0.3442,2020-02-13 10:55:00+00:00,200,-20.014118,-14.712602,1,0
2020-02-13 10:55:00+00:00,220,25.59,234.7,285.31,285.31,0.168,280.07,-29.526657,0.008545183,0.3442,2020-02-13 10:55:00+00:00,220,-20.88496,-14.787378,1,0
2020-02-13 10:55:00+00:00,240,26.32,235.67,285.72998,285.72998,0.132,280.07,-29.526657,0.008545183,0.3442,2020-02-13 10:55:00+00:00,240,-21.735136,-14.8433895,1,0
2020-02-13 10:55:00+00:00,260,26.85,236.77,286.08,286.08,0.108,280.07,-29.526657,0.008545183,0.3442,2020-02-13 10:55:00+00:00,260,-22.459423,-14.71383,1,0
2020-02-13 10:55:00+00:00,280,27.36,237.86,286.41,286.41,0.086,280.07,-29.526657,0.008545183,0.3442,2020-02-13 10:55:00+00:00,280,-23.1671,-14.5552435,1,0
2020-02-13 10:55:00+00:00,300,27.77,239.0,286.69998,286.69998,0.07,280.07,-29.526657,0.008545183,0.3442,2020-02-13 10:55:00+00:00,300,-23.803534,-14.302614,1,0
2020-02-13 10:55:00+00:00,400,29.17,244.18,287.94998,287.94998,0.02,280.07,-29.526657,0.008545183,0.3442,2020-02-13 10:55:00+00:00,400,-26.257866,-12.704858,1,0
2020-02-13 10:55:00+00:00,500,30.04,246.54,288.75998,288.75998,0.004,280.07,-29.526657,0.008545183,0.3442,2020-02-13 10:55:00+00:00,500,-27.55684,-11.95919,1,0
2020-02-13 11:00:00+00:00,10,9.63,235.0,282.44998,282.44998,0.513,280.07,-28.783699,0.009155553,0.333,2020-02-13 11:00:00+00:00,10,-7.888435,-5.52354,1,0
2020-02-13 11:00:00+00:00,20,15.13,230.58,282.99,282.99,0.792,280.07,-28.783699,0.009155553,0.333,2020-02-13 11:00:00+00:00,20,-11.688106,-9.6075535,1,0
2020-02-13 11:00:00+00:00,40,16.65,229.83,283.08,283.08,0.58,280.07,-28.783699,0.009155553,0.333,2020-02-13 11:00:00+00:00,40,-12.722828,-10.740212,1,0
2020-02-13 11:00:00+00:00,60,17.5,229.49,283.12,283.12,0.452,280.07,-28.783699,0.009155553,0.333,2020-02-13 11:00:00+00:00,60,-13.305122,-11.3676605,1,0
2020-02-13 11:00:00+00:00,80,18.45,229.34,283.19998,283.19998,0.401,280.07,-28.783699,0.009155553,0.333,2020-02-13 11:00:00+00:00,80,-13.995974,-12.02145,1,0
2020-02-13 11:00:00+00:00,100,19.62,229.49,283.37,283.37,0.378,280.07,-28.783699,0.009155553,0.333,2020-02-13 11:00:00+00:00,100,-14.916944,-12.744772,1,0
2020-02-13 11:00:00+00:00,120,20.84,230.03,283.6,283.6,0.354,280.07,-28.783699,0.009155553,0.333,2020-02-13 11:00:00+00:00,120,-15.971379,-13.387331,1,0
2020-02-13 11:00:00+00:00,140,22.03,230.83,283.88,283.88,0.322,280.07,-28.783699,0.009155553,0.333,2020-02-13 11:00:00+00:00,140,-17.079317,-13.914661,1,0
2020-02-13 11:00:00+00:00,160,23.14,231.93,284.27,284.27,0.277,280.07,-28.783699,0.009155553,0.333,2020-02-13 11:00:00+00:00,160,-18.21715,-14.268673,1,0
2020-02-13 11:00:00+00:00,180,24.13,233.05,284.71,284.71,0.232,280.07,-28.783699,0.009155553,0.333,2020-02-13 11:00:00+00:00,180,-19.283735,-14.504977,1,0
2020-02-13 11:00:00+00:00,200,25.03,234.15,285.19,285.19,0.188,280.07,-28.783699,0.009155553,0.333,2020-02-13 11:00:00+00:00,200,-20.288143,-14.6592,1,0
2020-02-13 11:00:00+00:00,220,25.75,235.3,285.63998,285.63998,0.155,280.07,-28.783699,0.009155553,0.333,2020-02-13 11:00:00+00:00,220,-21.170206,-14.658952,1,0
2020-02-13 11:00:00+00:00,240,26.43,236.41,286.07,286.07,0.123,280.07,-28.783699,0.009155553,0.333,2020-02-13 11:00:00+00:00,240,-22.01666,-14.622295,1,0
2020-02-13 11:00:00+00:00,260,26.91,237.64,286.41998,286.41998,0.102,280.07,-28.783699,0.009155553,0.333,2020-02-13 11:00:00+00:00,260,-22.73092,-14.403239,1,0
2020-02-13 11:00:00+00:00,280,27.38,238.86,286.75998,286.75998,0.082,280.07,-28.783699,0.009155553,0.333,2020-02-13 11:00:00+00:00,280,-23.434711,-14.159049,1,0
2020-02-13 11:00:00+00:00,300,27.75,240.08,287.06,287.06,0.067,280.07,-28.783699,0.009155553,0.333,2020-02-13 11:00:00+00:00,300,-24.051556,-13.841431,1,0
2020-02-13 11:00:00+00:00,400,28.97,245.26,288.27,288.27,0.018,280.07,-28.783699,0.009155553,0.333,2020-02-13 11:00:00+00:00,400,-26.311022,-12.123985,1,0
2020-02-13 11:00:00+00:00,500,29.73,247.44,288.94,288.94,0.004,280.07,-28.783699,0.009155553,0.333,2020-02-13 11:00:00+00:00,500,-27.455008,-11.405938,1,0
2020-02-13 11:05:00+00:00,10,9.53,234.72,282.47,282.47,0.518,280.07,-28.7275,0.009460738,0.3281,2020-02-13 11:05:00+00:00,10,-7.779712,-5.504268,1,0
2020-02-13 11:05:00+00:00,20,15.11,229.73,283.00998,283.00998,0.826,280.07,-28.7275,0.009460738,0.3281,2020-02-13 11:05:00+00:00,20,-11.529034,-9.766958,1,0
2020-02-13 11:05:00+00:00,40,16.8,228.96,283.13,283.13,0.602,280.07,-28.7275,0.009460738,0.3281,2020-02-13 11:05:00+00:00,40,-12.671423,-11.030639,1,0
2020-02-13 11:05:00+00:00,60,17.68,228.71,283.18,283.18,0.461,280.07,-28.7275,0.009460738,0.3281,2020-02-13 11:05:00+00:00,60,-13.284388,-11.666511,1,0
2020-02-13 11:05:00+00:00,80,18.66,228.71,283.28,283.28,0.4,280.07,-28.7275,0.009460738,0.3281,2020-02-13 11:05:00+00:00,80,-14.020739,-12.313184,1,0
2020-02-13 11:05:00+00:00,100,19.86,229.06,283.49,283.49,0.367,280.07,-28.7275,0.009460738,0.3281,2020-02-13 11:05:00+00:00,100,-15.002168,-13.01363,1,0
2020-02-13 11:05:00+00:00,120,21.06,229.79,283.77,283.77,0.337,280.07,-28.7275,0.009460738,0.3281,2020-02-13 11:05:00+00:00,120,-16.08317,-13.596148,1,0
2020-02-13 11:05:00+00:00,140,22.25,230.81,284.1,284.1,0.304,280.07,-28.7275,0.009460738,0.3281,2020-02-13 11:05:00+00:00,140,-17.244967,-14.059647,1,0
2020-02-13 11:05:00+00:00,160,23.34,232.08,284.55,284.55,0.258,280.07,-28.7275,0.009460738,0.3281,2020-02-13 11:05:00+00:00,160,-18.412214,-14.343847,1,0
2020-02-13 11:05:00+00:00,180,24.29,233.33,285.05,285.05,0.215,280.07,-28.7275,0.009460738,0.3281,2020-02-13 11:05:00+00:00,180,-19.482729,-14.506117,1,0
2020-02-13 11:05:00+00:00,200,25.15,234.56,285.57,285.57,0.173,280.07,-28.7275,0.009460738,0.3281,2020-02-13 11:05:00+00:00,200,-20.49029,-14.583228,1,0
2020-02-13 11:05:00+00:00,220,25.8,235.85,286.03,286.03,0.143,280.07,-28.7275,0.009460738,0.3281,2020-02-13 11:05:00+00:00,220,-21.351328,-14.48312,1,0
2020-02-13 11:05:00+00:00,240,26.43,237.11,286.47998,286.47998,0.115,280.07,-28.7275,0.009460738,0.3281,2020-02-13 11:05:00+00:00,240,-22.193655,-14.352232,1,0
2020-02-13 11:05:00+00:00,260,26.87,238.44,286.83,286.83,0.096,280.07,-28.7275,0.009460738,0.3281,2020-02-13 11:05:00+00:00,260,-22.895725,-14.063525,1,0
2020-02-13 11:05:00+00:00,280,27.29,239.77,287.16998,287.16998,0.078,280.07,-28.7275,0.009460738,0.3281,2020-02-13 11:05:00+00:00,280,-23.578867,-13.739765,1,0
2020-02-13 11:05:00+00:00,300,27.6,241.03,287.46,287.46,0.064,280.07,-28.7275,0.009460738,0.3281,2020-02-13 11:05:00+00:00,300,-24.146505,-13.368105,1,0
2020-02-13 11:05:00+00:00,400,28.64,246.17,288.59,288.59,0.017,280.07,-28.7275,0.009460738,0.3281,2020-02-13 11:05:00+00:00,400,-26.198387,-11.57126,1,0
2020-02-13 11:05:00+00:00,500,29.29,248.29,289.13998,289.13998,0.003,280.07,-28.7275,0.009460738,0.3281,2020-02-13 11:05:00+00:00,500,-27.212404,-10.834634,1,0
2020-02-13 11:10:00+00:00,10,9.68,232.56,282.52,282.52,0.535,280.07,-29.862423,0.009460738,0.3342,2020-02-13 11:10:00+00:00,10,-7.6858263,-5.8847666,1,0
2020-02-13 11:10:00+00:00,20,15.18,228.26,283.05,283.05,0.85,280.07,-29.862423,0.009460738,0.3342,2020-02-13 11:10:00+00:00,20,-11.326913,-10.106109,1,0
2020-02-13 11:10:00+00:00,40,16.96,227.69,283.18,283.18,0.619,280.07,-29.862423,0.009460738,0.3342,2020-02-13 11:10:00+00:00,40,-12.54215,-11.416481,1,0
2020-02-13 11:10:00+00:00,60,17.85,227.61,283.25,283.25,0.472,280.07,-29.862423,0.009460738,0.3342,2020-02-13 11:10:00+00:00,60,-13.183529,-12.033997,1,0
2020-02-13 11:10:00+00:00,80,18.87,227.8,283.38,283.38,0.405,280.07,-29.862423,0.009460738,0.3342,2020-02-13 11:10:00+00:00,80,-13.978984,-12.675366,1,0
2020-02-13 11:10:00+00:00,100,20.09,228.4,283.62,283.62,0.362,280.07,-29.862423,0.009460738,0.3342,2020-02-13 11:10:00+00:00,100,-15.023262,-13.338279,1,0
2020-02-13 11:10:00+00:00,120,21.3,229.37,283.94,283.94,0.324,280.07,-29.862423,0.009460738,0.3342,2020-02-13 11:10:00+00:00,120,-16.165216,-13.869959,1,0
2020-02-13 11:10:00+00:00,140,22.5,230.6,284.32,284.32,0.285,280.07,-29.862423,0.009460738,0.3342,2020-02-13 11:10:00+00:00,140,-17.386505,-14.281437,1,0
2020-02-13 11:10:00+00:00,160,23.54,232.02,284.84,284.84,0.239,280.07,-29.862423,0.009460738,0.3342,2020-02-13 11:10:00+00:00,160,-18.55483,-14.486197,1,0
2020-02-13 11:10:00+00:00,180,24.44,233.4,285.37,285.37,0.198,280.07,-29.862423,0.009460738,0.3342,2020-02-13 11:10:00+00:00,180,-19.620857,-14.571738,1,0
2020-02-13 11:10:00+00:00,200,25.24,234.75,285.91,285.91,0.159,280.07,-29.862423,0.009460738,0.3342,2020-02-13 11:10:00+00:00,200,-20.612032,-14.567146,1,0
2020-02-13 11:10:00+00:00,220,25.83,236.14,286.38,286.38,0.132,280.07,-29.862423,0.009460738,0.3342,2020-02-13 11:10:00+00:00,220,-21.449266,-14.391588,1,0
2020-02-13 11:10:00+00:00,240,26.39,237.5,286.83,286.83,0.107,280.07,-29.862423,0.009460738,0.3342,2020-02-13 11:10:00+00:00,240,-22.257097,-14.179338,1,0
2020-02-13 11:10:00+00:00,260,26.76,238.89,287.19,287.19,0.089,280.07,-29.862423,0.009460738,0.3342,2020-02-13 11:10:00+00:00,260,-22.911293,-13.826435,1,0
2020-02-13 11:10:00+00:00,280,27.11,240.26,287.53,287.53,0.073,280.07,-29.862423,0.009460738,0.3342,2020-02-13 11:10:00+00:00,280,-23.539215,-13.448325,1,0
2020-02-13 11:10:00+00:00,300,27.38,241.53,287.82,287.82,0.06,280.07,-29.862423,0.009460738,0.3342,2020-02-13 11:10:00+00:00,300,-24.06885,-13.052008,1,0
2020-02-13 11:10:00+00:00,400,28.2,246.65,288.87,288.87,0.016,280.07,-29.862423,0.009460738,0.3342,2020-02-13 11:10:00+00:00,400,-25.890442,-11.176987,1,0
2020-02-13 11:10:00+00:00,500,28.79,248.95,289.3,289.3,0.003,280.07,-29.862423,0.009460738,0.3342,2020-02-13 11:10:00+00:00,500,-26.868765,-10.340872,1,0
2020-02-13 11:15:00+00:00,10,10.0,229.52,282.58,282.58,0.558,280.07,-31.874203,0.008850368,0.3477,2020-02-13 11:15:00+00:00,10,-7.6063275,-6.491824,1,0
2020-02-13 11:15:00+00:00,20,15.31,226.57,283.09,283.09,0.86,280.07,-31.874203,0.008850368,0.3477,2020-02-13 11:15:00+00:00,20,-11.118351,-10.52513,1,0
2020-02-13 11:15:00+00:00,40,17.07,226.3,283.24,283.24,0.628,280.07,-31.874203,0.008850368,0.3477,2020-02-13 11:15:00+00:00,40,-12.341049,-11.793364,1,0
2020-02-13 11:15:00+00:00,60,17.95,226.42,283.32,283.32,0.488,280.07,-31.874203,0.008850368,0.3477,2020-02-13 11:15:00+00:00,60,-13.003204,-12.374135,1,0
2020-02-13 11:15:00+00:00,80,19.02,226.86,283.47998,283.47998,0.419,280.07,-31.874203,0.008850368,0.3477,2020-02-13 11:15:00+00:00,80,-13.878608,-13.005562,1,0
2020-02-13 11:15:00+00:00,100,20.27,227.79,283.75,283.75,0.371,280.07,-31.874203,0.008850368,0.3477,2020-02-13 11:15:00+00:00,100,-15.013731,-13.618399,1,0
2020-02-13 11:15:00+00:00,120,21.52,229.06,284.12,284.12,0.324,280.07,-31.874203,0.008850368,0.3477,2020-02-13 11:15:00+00:00,120,-16.256124,-14.101376,1,0
2020-02-13 11:15:00+00:00,140,22.71,230.51,284.58,284.58,0.273,280.07,-31.874203,0.008850368,0.3477,2020-02-13 11:15:00+00:00,140,-17.526115,-14.442276,1,0
2020-02-13 11:15:00+00:00,160,23.69,232.07,285.16998,285.16998,0.225,280.07,-31.874203,0.008850368,0.3477,2020-02-13 11:15:00+00:00,160,-18.68578,-14.562205,1,0
2020-02-13 11:15:00+00:00,180,24.54,233.57,285.75,285.75,0.183,280.07,-31.874203,0.008850368,0.3477,2020-02-13 11:15:00+00:00,180,-19.744469,-14.572836,1,0
2020-02-13 11:15:00+00:00,200,25.27,235.03,286.32,286.32,0.146,280.07,-31.874203,0.008850368,0.3477,2020-02-13 11:15:00+00:00,200,-20.70756,-14.483434,1,0
2020-02-13 11:15:00+00:00,220,25.79,236.53,286.8,286.8,0.121,280.07,-31.874203,0.008850368,0.3477,2020-02-13 11:15:00+00:00,220,-21.513367,-14.223194,1,0
2020-02-13 11:15:00+00:00,240,26.29,237.99,287.24,287.24,0.097,280.07,-31.874203,0.008850368,0.3477,2020-02-13 11:15:00+00:00,240,-22.292751,-13.9354725,1,0
2020-02-13 11:15:00+00:00,260,26.6,239.39,287.6,287.6,0.081,280.07,-31.874203,0.008850368,0.3477,2020-02-13 11:15:00+00:00,260,-22.893372,-13.544502,1,0
2020-02-13 11:15:00+00:00,280,26.88,240.77,287.94,287.94,0.066,280.07,-31.874203,0.008850368,0.3477,2020-02-13 11:15:00+00:00,280,-23.45728,-13.125946,1,0
2020-02-13 11:15:00+00:00,300,27.09,242.02,288.24,288.24,0.053,280.07,-31.874203,0.008850368,0.3477,2020-02-13 11:15:00+00:00,300,-23.923487,-12.709637,1,0
2020-02-13 11:15:00+00:00,400,27.65,246.88,289.25,289.25,0.014,280.07,-31.874203,0.008850368,0.3477,2020-02-13 11:15:00+00:00,400,-25.429276,-10.8569975,1,0
2020-02-13 11:15:00+00:00,500,28.13,249.27,289.53,289.53,0.002,280.07,-31.874203,0.008850368,0.3477,2020-02-13 11:15:00+00:00,500,-26.30883,-9.9570265,1,0
2020-02-13 11:20:00+00:00,10,10.46,226.85,282.63,282.63,0.59,280.07,-34.531387,0.007934812,0.3692,2020-02-13 11:20:00+00:00,10,-7.6312585,-7.153705,1,0
2020-02-13 11:20:00+00:00,20,15.51,225.23,283.12,283.12,0.861,280.07,-34.531387,0.007934812,0.3692,2020-02-13 11:20:00+00:00,20,-11.011163,-10.923113,1,0
2020-02-13 11:20:00+00:00,40,17.15,225.18,283.27,283.27,0.632,280.07,-34.531387,0.007934812,0.3692,2020-02-13 11:20:00+00:00,40,-12.164916,-12.088726,1,0
2020-02-13 11:20:00+00:00,60,18.02,225.46,283.37,283.37,0.506,280.07,-34.531387,0.007934812,0.3692,2020-02-13 11:20:00+00:00,60,-12.843954,-12.639353,1,0
2020-02-13 11:20:00+00:00,80,19.17,226.11,283.57,283.57,0.432,280.07,-34.531387,0.007934812,0.3692,2020-02-13 11:20:00+00:00,80,-13.815284,-13.290103,1,0
2020-02-13 11:20:00+00:00,100,20.38,227.23,283.87,283.87,0.379,280.07,-34.531387,0.007934812,0.3692,2020-02-13 11:20:00+00:00,100,-14.960662,-13.839182,1,0
2020-02-13 11:20:00+00:00,120,21.62,228.68,284.29,284.29,0.323,280.07,-34.531387,0.007934812,0.3692,2020-02-13 11:20:00+00:00,120,-16.237347,-14.274907,1,0
2020-02-13 11:20:00+00:00,140,22.77,230.24,284.81,284.81,0.263,280.07,-34.531387,0.007934812,0.3692,2020-02-13 11:20:00+00:00,140,-17.503986,-14.563084,1,0
2020-02-13 11:20:00+00:00,160,23.69,231.88,285.44998,285.44998,0.211,280.07,-34.531387,0.007934812,0.3692,2020-02-13 11:20:00+00:00,160,-18.637388,-14.624085,1,0
2020-02-13 11:20:00+00:00,180,24.48,233.45,286.06,286.06,0.169,280.07,-34.531387,0.007934812,0.3692,2020-02-13 11:20:00+00:00,180,-19.665699,-14.578432,1,0
2020-02-13 11:20:00+00:00,200,25.14,234.98,286.63998,286.63998,0.134,280.07,-34.531387,0.007934812,0.3692,2020-02-13 11:20:00+00:00,200,-20.588442,-14.426906,1,0
2020-02-13 11:20:00+00:00,220,25.61,236.53,287.11,287.11,0.11,280.07,-34.531387,0.007934812,0.3692,2020-02-13 11:20:00+00:00,220,-21.363214,-14.123923,1,0
2020-02-13 11:20:00+00:00,240,26.04,238.04,287.55,287.55,0.089,280.07,-34.531387,0.007934812,0.3692,2020-02-13 11:20:00+00:00,240,-22.092798,-13.783683,1,0
2020-02-13 11:20:00+00:00,260,26.29,239.46,287.9,287.9,0.073,280.07,-34.531387,0.007934812,0.3692,2020-02-13 11:20:00+00:00,260,-22.642914,-13.358991,1,0
2020-02-13 11:20:00+00:00,280,26.53,240.84,288.24,288.24,0.058,280.07,-34.531387,0.007934812,0.3692,2020-02-13 11:20:00+00:00,280,-23.167648,-12.926753,1,0
2020-02-13 11:20:00+00:00,300,26.69,242.08,288.53,288.53,0.047,280.07,-34.531387,0.007934812,0.3692,2020-02-13 11:20:00+00:00,300,-23.583342,-12.497284,1,0
2020-02-13 11:20:00+00:00,400,27.06,246.86,289.52,289.52,0.012,280.07,-34.531387,0.007934812,0.3692,2020-02-13 11:20:00+00:00,400,-24.882952,-10.634015,1,0
2020-02-13 11:20:00+00:00,500,27.43,249.29,289.71,289.71,0.002,280.07,-34.531387,0.007934812,0.3692,2020-02-13 11:20:00+00:00,500,-25.657537,-9.700296,1,0
2020-02-13 11:25:00+00:00,10,10.86,224.92,282.66,282.66,0.615,280.07,-36.899776,0.0073244423,0.3888,2020-02-13 11:25:00+00:00,10,-7.6684494,-7.689894,1,0
2020-02-13 11:25:00+00:00,20,15.61,224.11,283.13,283.13,0.845,280.07,-36.899776,0.0073244423,0.3888,2020-02-13 11:25:00+00:00,20,-10.865154,-11.2080555,1,0
2020-02-13 11:25:00+00:00,40,17.09,224.15,283.25998,283.25998,0.624,280.07,-36.899776,0.0073244423,0.3888,2020-02-13 11:25:00+00:00,40,-11.903853,-12.262398,1,0
2020-02-13 11:25:00+00:00,60,17.96,224.52,283.38,283.38,0.511,280.07,-36.899776,0.0073244423,0.3888,2020-02-13 11:25:00+00:00,60,-12.5928,-12.805583,1,0
2020-02-13 11:25:00+00:00,80,19.16,225.35,283.61,283.61,0.432,280.07,-36.899776,0.0073244423,0.3888,2020-02-13 11:25:00+00:00,80,-13.630673,-13.465152,1,0
2020-02-13 11:25:00+00:00,100,20.34,226.58,283.94998,283.94998,0.376,280.07,-36.899776,0.0073244423,0.3888,2020-02-13 11:25:00+00:00,100,-14.773649,-13.980519,1,0
2020-02-13 11:25:00+00:00,120,21.57,228.19,284.41998,284.41998,0.317,280.07,-36.899776,0.0073244423,0.3888,2020-02-13 11:25:00+00:00,120,-16.077406,-14.379912,1,0
2020-02-13 11:25:00+00:00,140,22.68,229.85,284.99,284.99,0.253,280.07,-36.899776,0.0073244423,0.3888,2020-02-13 11:25:00+00:00,140,-17.335667,-14.623852,1,0
2020-02-13 11:25:00+00:00,160,23.58,231.6,285.65,285.65,0.201,280.07,-36.899776,0.0073244423,0.3888,2020-02-13 11:25:00+00:00,160,-18.47949,-14.646667,1,0
2020-02-13 11:25:00+00:00,180,24.32,233.26,286.28,286.28,0.158,280.07,-36.899776,0.0073244423,0.3888,2020-02-13 11:25:00+00:00,180,-19.489033,-14.547852,1,0
2020-02-13 11:25:00+00:00,200,24.95,234.87,286.87,286.87,0.124,280.07,-36.899776,0.0073244423,0.3888,2020-02-13 11:25:00+00:00,200,-20.405317,-14.357072,1,0
2020-02-13 11:25:00+00:00,220,25.38,236.42,287.34,287.34,0.1,280.07,-36.899776,0.0073244423,0.3888,2020-02-13 11:25:00+00:00,220,-21.144442,-14.037696,1,0
2020-02-13 11:25:00+00:00,240,25.76,237.92,287.77,287.77,0.08,280.07,-36.899776,0.0073244423,0.3888,2020-02-13 11:25:00+00:00,240,-21.826637,-13.6812105,1,0
2020-02-13 11:25:00+00:00,260,25.98,239.26,288.11,288.11,0.065,280.07,-36.899776,0.0073244423,0.3888,2020-02-13 11:25:00+00:00,260,-22.329695,-13.279499,1,0
2020-02-13 11:25:00+00:00,280,26.18,240.56,288.44,288.44,0.051,280.07,-36.899776,0.0073244423,0.3888,2020-02-13 11:25:00+00:00,280,-22.7994,-12.867781,1,0
2020-02-13 11:25:00+00:00,300,26.3,241.75,288.72998,288.72998,0.041,280.07,-36.899776,0.0073244423,0.3888,2020-02-13 11:25:00+00:00,300,-23.167427,-12.448303,1,0
2020-02-13 11:25:00+00:00,400,26.57,246.48,289.69998,289.69998,0.01,280.07,-36.899776,0.0073244423,0.3888,2020-02-13 11:25:00+00:00,400,-24.362587,-10.603269,1,0
2020-02-13 11:25:00+00:00,500,26.84,249.01,289.83,289.83,0.002,280.07,-36.899776,0.0073244423,0.3888,2020-02-13 11:25:00+00:00,500,-25.058975,-9.61423,1,0
2020-02-13 11:30:00+00:00,10,11.07,223.43,282.65,282.65,0.626,280.07,-37.645695,0.007019257,0.3995,2020-02-13 11:30:00+00:00,10,-7.6102676,-8.039199,1,0
2020-02-13 11:30:00+00:00,20,15.63,223.0,283.1,283.1,0.828,280.07,-37.645695,0.007019257,0.3995,2020-02-13 11:30:00+00:00,20,-10.659633,-11.431059,1,0
2020-02-13 11:30:00+00:00,40,17.01,223.07,283.22998,283.22998,0.614,280.07,-37.645695,0.007019257,0.3995,2020-02-13 11:30:00+00:00,40,-11.615982,-12.426144,1,0
2020-02-13 11:30:00+00:00,60,17.89,223.52,283.36,283.36,0.509,280.07,-37.645695,0.007019257,0.3995,2020-02-13 11:30:00+00:00,60,-12.319192,-12.972647,1,0
2020-02-13 11:30:00+00:00,80,19.13,224.47,283.61,283.61,0.433,280.07,-37.645695,0.007019257,0.3995,2020-02-13 11:30:00+00:00,80,-13.401248,-13.6515,1,0
2020-02-13 11:30:00+00:00,100,20.3,225.82,283.97,283.97,0.375,280.07,-37.645695,0.007019257,0.3995,2020-02-13 11:30:00+00:00,100,-14.558224,-14.147369,1,0
2020-02-13 11:30:00+00:00,120,21.52,227.52,284.46,284.46,0.314,280.07,-37.645695,0.007019257,0.3995,2020-02-13 11:30:00+00:00,120,-15.8712845,-14.53316,1,0
2020-02-13 11:30:00+00:00,140,22.6,229.25,285.04,285.04,0.246,280.07,-37.645695,0.007019257,0.3995,2020-02-13 11:30:00+00:00,140,-17.120968,-14.752372,1,0
2020-02-13 11:30:00+00:00,160,23.47,231.07,285.72998,285.72998,0.193,280.07,-37.645695,0.007019257,0.3995,2020-02-13 11:30:00+00:00,160,-18.257647,-14.747854,1,0
2020-02-13 11:30:00+00:00,180,24.19,232.79,286.36,286.36,0.15,280.07,-37.645695,0.007019257,0.3995,2020-02-13 11:30:00+00:00,180,-19.265507,-14.628613,1,0
2020-02-13 11:30:00+00:00,200,24.79,234.44,286.94998,286.94998,0.116,280.07,-37.645695,0.007019257,0.3995,2020-02-13 11:30:00+00:00,200,-20.166842,-14.416749,1,0
2020-02-13 11:30:00+00:00,220,25.19,235.99,287.41998,287.41998,0.092,280.07,-37.645695,0.007019257,0.3995,2020-02-13 11:30:00+00:00,220,-20.880999,-14.089713,1,0
2020-02-13 11:30:00+00:00,240,25.56,237.5,287.86,287.86,0.071,280.07,-37.645695,0.007019257,0.3995,2020-02-13 11:30:00+00:00,240,-21.557083,-13.73338,1,0
2020-02-13 11:30:00+00:00,260,25.76,238.79,288.19998,288.19998,0.057,280.07,-37.645695,0.007019257,0.3995,2020-02-13 11:30:00+00:00,260,-22.031853,-13.348222,1,0
2020-02-13 11:30:00+00:00,280,25.94,240.03,288.54,288.54,0.044,280.07,-37.645695,0.007019257,0.3995,2020-02-13 11:30:00+00:00,280,-22.471489,-12.958234,1,0
2020-02-13 11:30:00+00:00,300,26.05,241.13,288.82,288.82,0.034,280.07,-37.645695,0.007019257,0.3995,2020-02-13 11:30:00+00:00,300,-22.812437,-12.577565,1,0
2020-02-13 11:30:00+00:00,400,26.26,245.69,289.77,289.77,0.008,280.07,-37.645695,0.007019257,0.3995,2020-02-13 11:30:00+00:00,400,-23.931562,-10.810548,1,0
2020-02-13 11:30:00+00:00,500,26.46,248.43,289.91,289.91,0.002,280.07,-37.645695,0.007019257,0.3995,2020-02-13 11:30:00+00:00,500,-24.60698,-9.727697,1,0
2020-02-13 11:35:00+00:00,10,11.12,222.24,282.62,282.62,0.628,280.07,-37.49295,0.006714072,0.4026,2020-02-13 11:35:00+00:00,10,-7.4752817,-8.232531,1,0
2020-02-13 11:35:00+00:00,20,15.61,222.07,283.06,283.06,0.82,280.07,-37.49295,0.006714072,0.4026,2020-02-13 11:35:00+00:00,20,-10.459294,-11.587719,1,0
2020-02-13 11:35:00+00:00,40,16.95,222.21,283.18,283.18,0.612,280.07,-37.49295,0.006714072,0.4026,2020-02-13 11:35:00+00:00,40,-11.387856,-12.554651,1,0
2020-02-13 11:35:00+00:00,60,17.85,222.74,283.33,283.33,0.513,280.07,-37.49295,0.006714072,0.4026,2020-02-13 11:35:00+00:00,60,-12.114307,-13.10977,1,0
2020-02-13 11:35:00+00:00,80,19.11,223.8,283.6,283.6,0.438,280.07,-37.49295,0.006714072,0.4026,2020-02-13 11:35:00+00:00,80,-13.226856,-13.792838,1,0
2020-02-13 11:35:00+00:00,100,20.29,225.24,283.97998,283.97998,0.378,280.07,-37.49295,0.006714072,0.4026,2020-02-13 11:35:00+00:00,100,-14.407171,-14.286972,1,0
2020-02-13 11:35:00+00:00,120,21.52,227.03,284.49,284.49,0.314,280.07,-37.49295,0.006714072,0.4026,2020-02-13 11:35:00+00:00,120,-15.746414,-14.668364,1,0
2020-02-13 11:35:00+00:00,140,22.59,228.82,285.11,285.11,0.242,280.07,-37.49295,0.006714072,0.4026,2020-02-13 11:35:00+00:00,140,-17.002249,-14.8738575,1,0
2020-02-13 11:35:00+00:00,160,23.43,230.67,285.82,285.82,0.188,280.07,-37.49295,0.006714072,0.4026,2020-02-13 11:35:00+00:00,160,-18.123302,-14.8496065,1,0
2020-02-13 11:35:00+00:00,180,24.13,232.39,286.44998,286.44998,0.144,280.07,-37.49295,0.006714072,0.4026,2020-02-13 11:35:00+00:00,180,-19.11538,-14.726139,1,0
2020-02-13 11:35:00+00:00,200,24.7,234.03,287.03,287.03,0.109,280.07,-37.49295,0.006714072,0.4026,2020-02-13 11:35:00+00:00,200,-19.990316,-14.507837,1,0
2020-02-13 11:35:00+00:00,220,25.09,235.55,287.47,287.47,0.085,280.07,-37.49295,0.006714072,0.4026,2020-02-13 11:35:00+00:00,220,-20.68972,-14.193083,1,0
2020-02-13 11:35:00+00:00,240,25.45,237.01,287.88998,287.88998,0.064,280.07,-37.49295,0.006714072,0.4026,2020-02-13 11:35:00+00:00,240,-21.346584,-13.85734,1,0
2020-02-13 11:35:00+00:00,260,25.65,238.24,288.24,288.24,0.05,280.07,-37.49295,0.006714072,0.4026,2020-02-13 11:35:00+00:00,260,-21.809177,-13.501193,1,0
2020-02-13 11:35:00+00:00,280,25.83,239.41,288.56,288.56,0.038,280.07,-37.49295,0.006714072,0.4026,2020-02-13 11:35:00+00:00,280,-22.235264,-13.144654,1,0
2020-02-13 11:35:00+00:00,300,25.93,240.45,288.84,288.84,0.029,280.07,-37.49295,0.006714072,0.4026,2020-02-13 11:35:00+00:00,300,-22.557173,-12.78823,1,0
2020-02-13 11:35:00+00:00,400,26.08,244.85,289.78,289.78,0.007,280.07,-37.49295,0.006714072,0.4026,2020-02-13 11:35:00+00:00,400,-23.607574,-11.08372,1,0
2020-02-13 11:35:00+00:00,500,26.22,247.79,289.94998,289.94998,0.002,280.07,-37.49295,0.006714072,0.4026,2020-02-13 11:35:00+00:00,500,-24.274597,-9.911222,1,0
2020-02-13 11:40:00+00:00,10,11.14,221.13,282.58,282.58,0.628,280.07,-37.04608,0.006408887,0.4037,2020-02-13 11:40:00+00:00,10,-7.327554,-8.3908615,1,0
2020-02-13 11:40:00+00:00,20,15.59,221.23,283.02,283.02,0.816,280.07,-37.04608,0.006408887,0.4037,2020-02-13 11:40:00+00:00,20,-10.275107,-11.7247715,1,0
2020-02-13 11:40:00+00:00,40,16.91,221.46,283.15,283.15,0.613,280.07,-37.04608,0.006408887,0.4037,2020-02-13 11:40:00+00:00,40,-11.196061,-12.67266,1,0
2020-02-13 11:40:00+00:00,60,17.84,222.07,283.31,283.31,0.517,280.07,-37.04608,0.006408887,0.4037,2020-02-13 11:40:00+00:00,60,-11.95348,-13.243108,1,0
2020-02-13 11:40:00+00:00,80,19.12,223.23,283.6,283.6,0.442,280.07,-37.04608,0.006408887,0.4037,2020-02-13 11:40:00+00:00,80,-13.095836,-13.931028,1,0
2020-02-13 11:40:00+00:00,100,20.31,224.75,284.00998,284.00998,0.38,280.07,-37.04608,0.006408887,0.4037,2020-02-13 11:40:00+00:00,100,-14.298537,-14.423865,1,0
2020-02-13 11:40:00+00:00,120,21.53,226.61,284.55,284.55,0.312,280.07,-37.04608,0.006408887,0.4037,2020-02-13 11:40:00+00:00,120,-15.645732,-14.790266,1,0
2020-02-13 11:40:00+00:00,140,22.58,228.43,285.19998,285.19998,0.237,280.07,-37.04608,0.006408887,0.4037,2020-02-13 11:40:00+00:00,140,-16.893126,-14.982613,1,0
2020-02-13 11:40:00+00:00,160,23.39,230.27,285.9,285.9,0.182,280.07,-37.04608,0.006408887,0.4037,2020-02-13 11:40:00+00:00,160,-17.988428,-14.950202,1,0
2020-02-13 11:40:00+00:00,180,24.06,232.0,286.52,286.52,0.139,280.07,-37.04608,0.006408887,0.4037,2020-02-13 11:40:00+00:00,180,-18.959538,-14.812816,1,0
2020-02-13 11:40:00+00:00,200,24.62,233.64,287.08,287.08,0.104,280.07,-37.04608,0.006408887,0.4037,2020-02-13 11:40:00+00:00,200,-19.826683,-14.596132,1,0
2020-02-13 11:40:00+00:00,220,25.01,235.14,287.52,287.52,0.08,280.07,-37.04608,0.006408887,0.4037,2020-02-13 11:40:00+00:00,220,-20.521982,-14.295046,1,0
2020-02-13 11:40:00+00:00,240,25.37,236.59,287.93,287.93,0.059,280.07,-37.04608,0.006408887,0.4037,2020-02-13 11:40:00+00:00,240,-21.177652,-13.969396,1,0
2020-02-13 11:40:00+00:00,260,25.58,237.77,288.27,288.27,0.045,280.07,-37.04608,0.006408887,0.4037,2020-02-13 11:40:00+00:00,260,-21.638481,-13.642306,1,0
2020-02-13 11:40:00+00:00,280,25.78,238.88,288.6,288.6,0.033,280.07,-37.04608,0.006408887,0.4037,2020-02-13 11:40:00+00:00,280,-22.069916,-13.323936,1,0
2020-02-13 11:40:00+00:00,300,25.89,239.86,288.87,288.87,0.024,280.07,-37.04608,0.006408887,0.4037,2020-02-13 11:40:00+00:00,300,-22.389698,-12.999751,1,0
2020-02-13 11:40:00+00:00,400,25.99,243.94,289.77,289.77,0.006,280.07,-37.04608,0.006408887,0.4037,2020-02-13 11:40:00+00:00,400,-23.34771,-11.417727,1,0
2020-02-13 11:40:00+00:00,500,26.07,247.06,289.94998,289.94998,0.001,280.07,-37.04608,0.006408887,0.4037,2020-02-13 11:40:00+00:00,500,-24.008213,-10.161228,1,0
2020-02-13 11:45:00+00:00,10,11.18,219.94,282.56,282.56,0.628,280.07,-36.90747,0.006408887,0.4054,2020-02-13 11:45:00+00:00,10,-7.177393,-8.571898,1,0
2020-02-13 11:45:00+00:00,20,15.55,220.37,282.99,282.99,0.807,280.07,-36.90747,0.006408887,0.4054,2020-02-13 11:45:00+00:00,20,-10.07206,-11.8471985,1,0
2020-02-13 11:45:00+00:00,40,16.84,220.67,283.13,283.13,0.61,280.07,-36.90747,0.006408887,0.4054,2020-02-13 11:45:00+00:00,40,-10.97465,-12.772731,1,0
2020-02-13 11:45:00+00:00,60,17.79,221.38,283.3,283.3,0.517,280.07,-36.90747,0.006408887,0.4054,2020-02-13 11:45:00+00:00,60,-11.760081,-13.34858,1,0
2020-02-13 11:45:00+00:00,80,19.08,222.63,283.63,283.63,0.441,280.07,-36.90747,0.006408887,0.4054,2020-02-13 11:45:00+00:00,80,-12.922146,-14.037969,1,0
2020-02-13 11:45:00+00:00,100,20.26,224.24,284.05,284.05,0.378,280.07,-36.90747,0.006408887,0.4054,2020-02-13 11:45:00+00:00,100,-14.134701,-14.514744,1,0
2020-02-13 11:45:00+00:00,120,21.48,226.17,284.62,284.62,0.308,280.07,-36.90747,0.006408887,0.4054,2020-02-13 11:45:00+00:00,120,-15.495621,-14.875353,1,0
2020-02-13 11:45:00+00:00,140,22.48,228.01,285.29,285.29,0.232,280.07,-36.90747,0.006408887,0.4054,2020-02-13 11:45:00+00:00,140,-16.708517,-15.039142,1,0
2020-02-13 11:45:00+00:00,160,23.27,229.92,286.0,286.0,0.177,280.07,-36.90747,0.006408887,0.4054,2020-02-13 11:45:00+00:00,160,-17.804949,-14.982547,1,0
2020-02-13 11:45:00+00:00,180,23.93,231.68,286.62,286.62,0.134,280.07,-36.90747,0.006408887,0.4054,2020-02-13 11:45:00+00:00,180,-18.774517,-14.837872,1,0
2020-02-13 11:45:00+00:00,200,24.46,233.32,287.16,287.16,0.1,280.07,-36.90747,0.006408887,0.4054,2020-02-13 11:45:00+00:00,200,-19.616533,-14.611064,1,0
2020-02-13 11:45:00+00:00,220,24.85,234.83,287.6,287.6,0.076,280.07,-36.90747,0.006408887,0.4054,2020-02-13 11:45:00+00:00,220,-20.313545,-14.313712,1,0
2020-02-13 11:45:00+00:00,240,25.21,236.28,288.00998,288.00998,0.055,280.07,-36.90747,0.006408887,0.4054,2020-02-13 11:45:00+00:00,240,-20.968674,-13.994953,1,0
2020-02-13 11:45:00+00:00,260,25.44,237.43,288.36,288.36,0.042,280.07,-36.90747,0.006408887,0.4054,2020-02-13 11:45:00+00:00,260,-21.439161,-13.6951065,1,0
2020-02-13 11:45:00+00:00,280,25.65,238.5,288.69,288.69,0.029,280.07,-36.90747,0.006408887,0.4054,2020-02-13 11:45:00+00:00,280,-21.870216,-13.402092,1,0
2020-02-13 11:45:00+00:00,300,25.78,239.43,288.97,288.97,0.021,280.07,-36.90747,0.006408887,0.4054,2020-02-13 11:45:00+00:00,300,-22.196796,-13.111473,1,0
2020-02-13 11:45:00+00:00,400,25.91,243.22,289.85,289.85,0.005,280.07,-36.90747,0.006408887,0.4054,2020-02-13 11:45:00+00:00,400,-23.130976,-11.674163,1,0
2020-02-13 11:45:00+00:00,500,25.93,246.31,290.01,290.01,0.001,280.07,-36.90747,0.006408887,0.4054,2020-02-13 11:45:00+00:00,500,-23.744951,-10.418358,1,0
2020-02-13 11:50:00+00:00,10,11.21,218.86,282.55,282.55,0.626,280.07,-36.825035,0.006408887,0.4072,2020-02-13 11:50:00+00:00,10,-7.033373,-8.729018,1,0
2020-02-13 11:50:00+00:00,20,15.5,219.52,282.97,282.97,0.795,280.07,-36.825035,0.006408887,0.4072,2020-02-13 11:50:00+00:00,20,-9.863386,-11.956739,1,0
2020-02-13 11:50:00+00:00,40,16.76,219.88,283.11,283.11,0.602,280.07,-36.825035,0.006408887,0.4072,2020-02-13 11:50:00+00:00,40,-10.746207,-12.86144,1,0
2020-02-13 11:50:00+00:00,60,17.72,220.63,283.3,283.3,0.509,280.07,-36.825035,0.006408887,0.4072,2020-02-13 11:50:00+00:00,60,-11.538762,-13.448248,1,0
2020-02-13 11:50:00+00:00,80,19.0,221.94,283.62,283.62,0.432,280.07,-36.825035,0.006408887,0.4072,2020-02-13 11:50:00+00:00,80,-12.6986885,-14.133057,1,0
2020-02-13 11:50:00+00:00,100,20.16,223.6,284.06,284.06,0.369,280.07,-36.825035,0.006408887,0.4072,2020-02-13 11:50:00+00:00,100,-13.902729,-14.599305,1,0
2020-02-13 11:50:00+00:00,120,21.36,225.58,284.63998,284.63998,0.3,280.07,-36.825035,0.006408887,0.4072,2020-02-13 11:50:00+00:00,120,-15.25592,-14.950135,1,0
2020-02-13 11:50:00+00:00,140,22.33,227.44,285.32,285.32,0.225,280.07,-36.825035,0.006408887,0.4072,2020-02-13 11:50:00+00:00,140,-16.447596,-15.103162,1,0
2020-02-13 11:50:00+00:00,160,23.11,229.39,286.02,286.02,0.172,280.07,-36.825035,0.006408887,0.4072,2020-02-13 11:50:00+00:00,160,-17.544132,-15.042458,1,0
2020-02-13 11:50:00+00:00,180,23.75,231.18,286.63,286.63,0.13,280.07,-36.825035,0.006408887,0.4072,2020-02-13 11:50:00+00:00,180,-18.504078,-14.888304,1,0
2020-02-13 11:50:00+00:00,200,24.27,232.85,287.16998,287.16998,0.096,280.07,-36.825035,0.006408887,0.4072,2020-02-13 11:50:00+00:00,200,-19.34458,-14.656745,1,0
2020-02-13 11:50:00+00:00,220,24.66,234.35,287.61,287.61,0.073,280.07,-36.825035,0.006408887,0.4072,2020-02-13 11:50:00+00:00,220,-20.038528,-14.372648,1,0
2020-02-13 11:50:00+00:00,240,25.02,235.78,288.03,288.03,0.052,280.07,-36.825035,0.006408887,0.4072,2020-02-13 11:50:00+00:00,240,-20.688643,-14.070553,1,0
2020-02-13 11:50:00+00:00,260,25.25,236.93,288.37,288.37,0.039,280.07,-36.825035,0.006408887,0.4072,2020-02-13 11:50:00+00:00,260,-21.159615,-13.777997,1,0
2020-02-13 11:50:00+00:00,280,25.47,238.01,288.71,288.71,0.027,280.07,-36.825035,0.006408887,0.4072,2020-02-13 11:50:00+00:00,280,-21.602137,-13.493277,1,0
2020-02-13 11:50:00+00:00,300,25.61,238.94,288.99,288.99,0.019,280.07,-36.825035,0.006408887,0.4072,2020-02-13 11:50:00+00:00,300,-21.938227,-13.213111,1,0
2020-02-13 11:50:00+00:00,400,25.82,242.72,289.91,289.91,0.004,280.07,-36.825035,0.006408887,0.4072,2020-02-13 11:50:00+00:00,400,-22.94823,-11.834319,1,0
2020-02-13 11:50:00+00:00,500,25.83,245.72,290.07,290.07,0.001,280.07,-36.825035,0.006408887,0.4072,2020-02-13 11:50:00+00:00,500,-23.545254,-10.621202,1,0
2020-02-13 11:55:00+00:00,10,11.2,217.99,282.53,282.53,0.621,280.07,-36.702904,0.006408887,0.4072,2020-02-13 11:55:00+00:00,10,-6.8938694,-8.826922,1,0
2020-02-13 11:55:00+00:00,20,15.43,218.8,282.94998,282.94998,0.781,280.07,-36.702904,0.006408887,0.4072,2020-02-13 11:55:00+00:00,20,-9.668496,-12.025185,1,0
2020-02-13 11:55:00+00:00,40,16.66,219.18,283.09,283.09,0.591,280.07,-36.702904,0.006408887,0.4072,2020-02-13 11:55:00+00:00,40,-10.525099,-12.914252,1,0
2020-02-13 11:55:00+00:00,60,17.63,219.98,283.29,283.29,0.501,280.07,-36.702904,0.006408887,0.4072,2020-02-13 11:55:00+00:00,60,-11.327629,-13.509318,1,0
2020-02-13 11:55:00+00:00,80,18.92,221.34,283.63,283.63,0.424,280.07,-36.702904,0.006408887,0.4072,2020-02-13 11:55:00+00:00,80,-12.49715,-14.205197,1,0
2020-02-13 11:55:00+00:00,100,20.08,223.05,284.1,284.1,0.362,280.07,-36.702904,0.006408887,0.4072,2020-02-13 11:55:00+00:00,100,-13.707338,-14.673626,1,0
2020-02-13 11:55:00+00:00,120,21.29,225.1,284.68,284.68,0.294,280.07,-36.702904,0.006408887,0.4072,2020-02-13 11:55:00+00:00,120,-15.080557,-15.028006,1,0
2020-02-13 11:55:00+00:00,140,22.27,227.02,285.36,285.36,0.219,280.07,-36.702904,0.006408887,0.4072,2020-02-13 11:55:00+00:00,140,-16.292547,-15.182419,1,0
2020-02-13 11:55:00+00:00,160,23.02,228.94,286.06,286.06,0.166,280.07,-36.702904,0.006408887,0.4072,2020-02-13 11:55:00+00:00,160,-17.357592,-15.120664,1,0
2020-02-13 11:55:00+00:00,180,23.65,230.73,286.68,286.68,0.125,280.07,-36.702904,0.006408887,0.4072,2020-02-13 11:55:00+00:00,180,-18.309158,-14.969875,1,0
2020-02-13 11:55:00+00:00,200,24.18,232.42,287.22,287.22,0.092,280.07,-36.702904,0.006408887,0.4072,2020-02-13 11:55:00+00:00,200,-19.162712,-14.746623,1,0
2020-02-13 11:55:00+00:00,220,24.56,233.88,287.65,287.65,0.07,280.07,-36.702904,0.006408887,0.4072,2020-02-13 11:55:00+00:00,220,-19.839176,-14.4775915,1,0
2020-02-13 11:55:00+00:00,240,24.91,235.26,288.06,288.06,0.049,280.07,-36.702904,0.006408887,0.4072,2020-02-13 11:55:00+00:00,240,-20.469702,-14.19505,1,0
2020-02-13 11:55:00+00:00,260,25.15,236.38,288.4,288.4,0.036,280.07,-36.702904,0.006408887,0.4072,2020-02-13 11:55:00+00:00,260,-20.943111,-13.925106,1,0
2020-02-13 11:55:00+00:00,280,25.36,237.43,288.71,288.71,0.025,280.07,-36.702904,0.006408887,0.4072,2020-02-13 11:55:00+00:00,280,-21.371744,-13.6520405,1,0
2020-02-13 11:55:00+00:00,300,25.51,238.36,288.97998,288.97998,0.017,280.07,-36.702904,0.006408887,0.4072,2020-02-13 11:55:00+00:00,300,-21.718216,-13.382049,1,0
2020-02-13 11:55:00+00:00,400,25.75,242.23,289.9,289.9,0.003,280.07,-36.702904,0.006408887,0.4072,2020-02-13 11:55:00+00:00,400,-22.78424,-11.997535,1,0
2020-02-13 11:55:00+00:00,500,25.76,245.21,290.11,290.11,0.001,280.07,-36.702904,0.006408887,0.4072,2020-02-13 11:55:00+00:00,500,-23.386232,-10.801007,1,0
2020-02-13 12:00:00+00:00,10,11.17,217.26,282.50998,282.50998,0.612,280.07,-36.11472,0.006408887,0.4055,2020-02-13 12:00:00+00:00,10,-6.7626853,-8.890162,0,0
2020-02-13 12:00:00+00:00,20,15.33,218.15,282.93,282.93,0.766,280.07,-36.11472,0.006408887,0.4055,2020-02-13 12:00:00+00:00,20,-9.469681,-12.055457,0,0
2020-02-13 12:00:00+00:00,40,16.53,218.54,283.07,283.07,0.58,280.07,-36.11472,0.006408887,0.4055,2020-02-13 12:00:00+00:00,40,-10.299193,-12.929329,0,0
2020-02-13 12:00:00+00:00,60,17.52,219.37,283.27,283.27,0.493,280.07,-36.11472,0.006408887,0.4055,2020-02-13 12:00:00+00:00,60,-11.113387,-13.544115,0,0
2020-02-13 12:00:00+00:00,80,18.81,220.77,283.63998,283.63998,0.417,280.07,-36.11472,0.006408887,0.4055,2020-02-13 12:00:00+00:00,80,-12.283384,-14.245509,0,0
2020-02-13 12:00:00+00:00,100,19.98,222.52,284.11,284.11,0.357,280.07,-36.11472,0.006408887,0.4055,2020-02-13 12:00:00+00:00,100,-13.503436,-14.726086,0,0
2020-02-13 12:00:00+00:00,120,21.19,224.65,284.71,284.71,0.29,280.07,-36.11472,0.006408887,0.4055,2020-02-13 12:00:00+00:00,120,-14.891781,-15.074845,0,0
2020-02-13 12:00:00+00:00,140,22.19,226.67,285.4,285.4,0.214,280.07,-36.11472,0.006408887,0.4055,2020-02-13 12:00:00+00:00,140,-16.141304,-15.226766,0,0
2020-02-13 12:00:00+00:00,160,22.9,228.53,286.09,286.09,0.162,280.07,-36.11472,0.006408887,0.4055,2020-02-13 12:00:00+00:00,160,-17.159029,-15.165016,0,0
2020-02-13 12:00:00+00:00,180,23.52,230.3,286.71,286.71,0.12,280.07,-36.11472,0.006408887,0.4055,2020-02-13 12:00:00+00:00,180,-18.096275,-15.023823,0,0
2020-02-13 12:00:00+00:00,200,24.06,232.02,287.25998,287.25998,0.089,280.07,-36.11472,0.006408887,0.4055,2020-02-13 12:00:00+00:00,200,-18.964706,-14.806197,0,0
2020-02-13 12:00:00+00:00,220,24.44,233.44,287.69,287.69,0.066,280.07,-36.11472,0.006408887,0.4055,2020-02-13 12:00:00+00:00,220,-19.631025,-14.558038,0,0
2020-02-13 12:00:00+00:00,240,24.79,234.78,288.09,288.09,0.047,280.07,-36.11472,0.006408887,0.4055,2020-02-13 12:00:00+00:00,240,-20.252031,-14.29683,0,0
2020-02-13 12:00:00+00:00,260,25.03,235.87,288.41,288.41,0.034,280.07,-36.11472,0.006408887,0.4055,2020-02-13 12:00:00+00:00,260,-20.718996,-14.043652,0,0
2020-02-13 12:00:00+00:00,280,25.25,236.89,288.71,288.71,0.023,280.07,-36.11472,0.006408887,0.4055,2020-02-13 12:00:00+00:00,280,-21.149992,-13.792766,0,0
2020-02-13 12:00:00+00:00,300,25.41,237.81,288.97,288.97,0.016,280.07,-36.11472,0.006408887,0.4055,2020-02-13 12:00:00+00:00,300,-21.504131,-13.536633,0,0
2020-02-13 12:00:00+00:00,400,25.66,241.71,289.83,289.83,0.003,280.07,-36.11472,0.006408887,0.4055,2020-02-13 12:00:00+00:00,400,-22.595173,-12.161156,0,0
2020-02-13 12:00:00+00:00,500,25.64,244.85,290.1,290.1,0.001,280.07,-36.11472,0.006408887,0.4055,2020-02-13 12:00:00+00:00,500,-23.209286,-10.896725,0,0
